encoder,benchmark,value,evidence,source
RAD-DINO (released checkpoint),"NIH ChestX-ray14 official test (25,596 img)",M,"All 25,596 official test images (test_list.txt) are among the 112,120 NIH_CXR8 rows of the released manifest (computed: 112,120 = whole dataset, 30,805 patients). Also contains all 1,962 Google-adjudicated CXR14 test images used by ELIXR/MedGemma.","https://huggingface.co/microsoft/rad-dino/blob/main/training_images.csv (local copy audit/rad_dino_training_images.csv); https://nihcc.app.box.com/v/ChestXray-NIHCC (README_CHESTXRAY.pdf item 4; test_list.txt = 25,596; train_val_list.txt = 86,524); Google NIH expert labels (Majkowska et al., Radiology 2020), copy at https://github.com/mlmed/torchxrayvision/blob/master/torchxrayvision/data/google2019_nih-chest-xray-labels.csv.gz"
RAD-DINO (released checkpoint),RSNA Pneumonia (NIH-derived),D* +sel,"Paper calls RSNA external: 'All evaluations were performed on three external chest X-ray (CXR) datasets ... (VinDr-CXR, CANDID-PTX and RSNA-Pneumonia)'. RSNA's official mapping gives an NIH source image for all 30,000 RSNA images; all 30,000 are in the manifest (computed). Card: checkpoint selected 'using linear probing on the validation sets of the evaluation datasets described in the paper' (RSNA 60/20/20 split by subject, Table 1b).","https://arxiv.org/abs/2401.10815v3 (Perez-Garcia et al., Nat Mach Intell 2025) Sec.2.1.1 p4, Table 1b p4, Sec.3.5 p9; https://s3.amazonaws.com/east1.public.rsna.org/AI/2018/pneumonia-challenge-dataset-mappings_2018.json (RSNA 'mapping of RSNA image dataset to original NIH dataset', linked at https://www.rsna.org/artificial-intelligence/ai-image-challenge/rsna-pneumonia-detection-challenge-2018); https://huggingface.co/microsoft/rad-dino/blob/main/training_images.csv (local copy audit/rad_dino_training_images.csv); https://huggingface.co/microsoft/rad-dino README 'Training data' (lines 124-139 at rev 110cbc18d5; same wording in all revisions since 2024-05-29)"
RAD-DINO (released checkpoint),SIIM-ACR Pneumothorax (NIH-derived),D,"SIIM-ACR challenge used 'augmented annotations on the public chest radiograph dataset from the National Institutes of Health (NIH)'; every NIH image is in the manifest, so every SIIM image is exposed. No public SIIM-to-NIH ID mapping, so not image-verified.","https://siim.org/research-journal/siim-machine-learning-challenges/pneumothorax-kaggle-challenge/ ; Filice et al., J Digit Imaging 2020;33:490-496 (doi:10.1007/s10278-019-00299-9); https://huggingface.co/microsoft/rad-dino/blob/main/training_images.csv (local copy audit/rad_dino_training_images.csv)"
RAD-DINO (released checkpoint),ChestX-Det (NIH-derived),D,"'ChestX-Det consists of 3578 images from NIH ChestX-14' (README); every NIH image is in the manifest. File names are anonymised (e.g. 36200.png), so not image-verified.",https://github.com/Deepwise-AILab/ChestX-Det-Dataset README; https://arxiv.org/abs/2104.10326 Sec.4.1 p9-10; https://huggingface.co/microsoft/rad-dino/blob/main/training_images.csv (local copy audit/rad_dino_training_images.csv)
RAD-DINO (released checkpoint),CheXpert validation (234 img / 200 pts),M,"234/234 validation images (patients 64541-64740) are in the manifest; Chexpert rows = 223,414 train + 234 valid (computed from patient ids).","https://huggingface.co/microsoft/rad-dino/blob/main/training_images.csv (local copy audit/rad_dino_training_images.csv); https://arxiv.org/abs/1901.07031 p5-6 (valid 200 studies, test 500 studies); test images/labels as released with CheXlocalize (local data/chexlocalize/CheXpert/test_labels.csv: 668 images, 500 patients)"
RAD-DINO (released checkpoint),CheXpert test (668 img / 500 pts),S-train*,CheXpert train+valid are in the manifest; 0/668 test images: highest CheXpert patient id in the manifest is 64740; test patients start at 64741 (computed).,"https://huggingface.co/microsoft/rad-dino/blob/main/training_images.csv (local copy audit/rad_dino_training_images.csv); https://arxiv.org/abs/1901.07031 p5-6 (valid 200 studies, test 500 studies); test images/labels as released with CheXlocalize (local data/chexlocalize/CheXpert/test_labels.csv: 668 images, 500 patients)"
RAD-DINO (released checkpoint),"MIMIC-CXR official test (5,159 img)",S-train*,"368,960 MIMIC rows = official train-split image count; 0 of 5,159 test and 0 of 2,991 validate dicom_ids in the manifest (computed). Card: 'Images in the validation and test sets used to train MAIRA were excluded from the training set of RAD-DINO.' Paper App. D.1: 'except MIMIC-CXR [17] where their recommended training split is used.'","https://huggingface.co/microsoft/rad-dino/blob/main/training_images.csv (local copy audit/rad_dino_training_images.csv); https://arxiv.org/abs/1901.07042v5 Table 3 p4; official split lists (mimic-cxr-2.0.0 test/validate) as redistributed at https://github.com/jlianglab/Ark/tree/main/Ark_Plus/dataset/MIMIC (original PhysioNet mimic-cxr-2.0.0-split.csv is credentialed); https://huggingface.co/microsoft/rad-dino README 'Training data' (lines 124-139 at rev 110cbc18d5; same wording in all revisions since 2024-05-29); https://arxiv.org/abs/2401.10815v3 (Perez-Garcia et al., Nat Mach Intell 2025) App. D.1 p29"
RAD-DINO (released checkpoint),MS-CXR (MIMIC-derived),M-part,"MS-CXR samples 'are chosen from the public MIMIC-CXR dataset' and use their own 70:15:15 patient split, not MIMIC's test split. The one publicly shown MS-CXR image (dicom c436cddb-4126f15e-59c0733c-34b5a4b5-bbda7ffd, patient p15928453) is in the manifest; 348/354 images of MS-CXR source set MIMIC-CXR-Annotations (Tam et al. 2020) are in the manifest (computed). Exact fraction needs the credentialed MS-CXR ID list.",https://arxiv.org/abs/2204.09817v4 Sec.3.1 p8; https://physionet.org/content/ms-cxr/1.1.0/ (Split; example annotation); https://github.com/leotam/MIMIC-CXR-annotations (annotations/221v2hiqualnihsplit.json); https://huggingface.co/microsoft/rad-dino/blob/main/training_images.csv (local copy audit/rad_dino_training_images.csv)
RAD-DINO (released checkpoint),"VinDr-CXR test (3,000 img)",N* +sel,"No VinDr-CXR images in the manifest (only MIMIC, CheXpert, NIH, PadChest, BRAX). Checkpoint selected by linear probing on the validation sets of the paper's evaluation datasets, which include VinDr-CXR (Table 1a); that validation data comes from VinDr training images, not the 3,000 test images.","https://huggingface.co/microsoft/rad-dino/blob/main/training_images.csv (local copy audit/rad_dino_training_images.csv); https://huggingface.co/microsoft/rad-dino README 'Training data' (lines 124-139 at rev 110cbc18d5; same wording in all revisions since 2024-05-29); https://arxiv.org/abs/2401.10815v3 (Perez-Garcia et al., Nat Mach Intell 2025) Table 1a p4"
RAD-DINO (released checkpoint),PadChest (no official split),M-part,"136,787 PadChest images (85% of 160,868) are in the manifest. PadChest has no official test split. For the 39,053-image physician-labelled subset used as a test set (CheXzero, KAD), at least 136,787 - (160,868 - 39,053) = 14,972 (38%) must be in the manifest (counting bound).","https://huggingface.co/microsoft/rad-dino/blob/main/training_images.csv (local copy audit/rad_dino_training_images.csv); https://arxiv.org/abs/1901.07441v2 p1, p14; https://www.nature.com/articles/s41551-022-00936-9 (Tiu et al., Nat Biomed Eng 2022) Methods"
EVA-X,"NIH ChestX-ray14 official test (25,596 img)",S-train,"'Our training set is a combination of three extensive public datasets: Chest X-Ray14, CheXpert, and MIMIC-CXR' ... '(2) We do not use any of the images tested subsequently for training, even though they are unlabeled.' CXR14 is tested on the official split (repo test_official.txt = NIH test_list.txt, verified).","https://arxiv.org/abs/2405.05237v1 Sec.4.1 p11; https://github.com/hustvl/EVA-X/tree/main/classification/datasets/data_splits/cxr14; https://nihcc.app.box.com/v/ChestXray-NIHCC (README_CHESTXRAY.pdf item 4; test_list.txt = 25,596; train_val_list.txt = 86,524)"
EVA-X,RSNA Pneumonia (NIH-derived),D-part*,"NIH images outside the official test split are pretrained on: train 75,312, or train+val 86,524 (not stated which). These contain 18,996 (63.3%) to 21,804 (72.7%) of the 30,000 RSNA images (computed with RSNA mapping). The exclusion rule covers only images EVA-X itself tests on, not their NIH duplicates.","https://arxiv.org/abs/2405.05237v1 Sec.4.1 p11, App. B.3.1 p26; https://github.com/hustvl/EVA-X/tree/main/classification/datasets/data_splits/cxr14; https://s3.amazonaws.com/east1.public.rsna.org/AI/2018/pneumonia-challenge-dataset-mappings_2018.json (RSNA 'mapping of RSNA image dataset to original NIH dataset', linked at https://www.rsna.org/artificial-intelligence/ai-image-challenge/rsna-pneumonia-detection-challenge-2018)"
EVA-X,SIIM-ACR Pneumothorax (NIH-derived),D-part,"Same NIH pretraining subset. SIIM images are NIH images but cannot be mapped to NIH ids, so the fraction is unknown (EVA-X fine-tunes/tests SIIM on a random 1868/801 split).","https://arxiv.org/abs/2405.05237v1 Sec.4.1 p11, App. B.3.1 p26; https://siim.org/research-journal/siim-machine-learning-challenges/pneumothorax-kaggle-challenge/ ; Filice et al., J Digit Imaging 2020;33:490-496 (doi:10.1007/s10278-019-00299-9)"
EVA-X,ChestX-Det (NIH-derived),D-part,"Same NIH pretraining subset; ChestX-Det file names are anonymised, so the fraction is unknown.",https://arxiv.org/abs/2405.05237v1 Sec.4.1 p11; https://github.com/Deepwise-AILab/ChestX-Det-Dataset README; https://arxiv.org/abs/2104.10326 Sec.4.1 p9-10
EVA-X,CheXpert validation (234 img / 200 pts),S-train,CheXpert is in pretraining. EVA-X tests CheXpert on the public validation set ('only nearly 200 images are allocated for testing') and excludes 'any of the images tested subsequently'.,https://arxiv.org/abs/2405.05237v1 Sec.4.1 p11; App. B.2.1 p25
EVA-X,CheXpert test (668 img / 500 pts),S-train,"'Its training and validation sets are publicly available, but the test set is not.' Only public CheXpert images were used, so the official test set was not.",https://arxiv.org/abs/2405.05237v1 App. B.2.1 p25
EVA-X,"MIMIC-CXR official test (5,159 img)",?,"MIMIC-CXR (frontal views) is in pretraining, but no split is stated. The exclusion rule only covers EVA-X's own test images, and EVA-X tests nothing from MIMIC. Merged520k's size cannot tell train-only from whole-dataset use.",https://arxiv.org/abs/2405.05237v1 Sec.4.1 p11
EVA-X,MS-CXR (MIMIC-derived),D-part,"MIMIC-CXR is in pretraining (split unstated). MS-CXR includes MIMIC-train images (see RAD-DINO row), so at least that part is exposed; all of it if the whole dataset was used.",https://arxiv.org/abs/2405.05237v1 Sec.4.1 p11; https://arxiv.org/abs/2204.09817v4 Sec.3.1 p8; https://physionet.org/content/ms-cxr/1.1.0/ (Split; example annotation)
EVA-X,"VinDr-CXR test (3,000 img)",N,"VinDr-CXR is not among the pretraining datasets (Chest X-Ray14, CheXpert, MIMIC-CXR only).",https://arxiv.org/abs/2405.05237v1 Sec.4.1 p11
EVA-X,PadChest (no official split),N,PadChest is not among the pretraining datasets.,https://arxiv.org/abs/2405.05237v1 Sec.4.1 p11
MedSigLIP (MedGemma report),"NIH ChestX-ray14 official test (25,596 img)",N,"ChestX-ray14 is not a MedSigLIP training source (MedGemma Table 1; model card lists MIMIC-CXR, Slake-VQA, PAD-UFES-20, SCIN, TCGA, CAMELYON, PMC-OA, Mendeley Knee X-ray + proprietary). Caveat: SLAKE (450 training images) took 179 CXRs from NIH ('From [8], we randomly select 179 chest X-Ray images'); their NIH ids are unknown (at most 179 images). The CXR14 evaluation set (1,962 Google-adjudicated images, all inside the NIH official test split, verified) is marked OOD: 'Data not seen during any model development stages'.","https://arxiv.org/abs/2507.05201v4 Table 1 p4, Table 2 p6; https://developers.google.com/health-ai-developer-foundations/medsiglip/model-card ('Source'); https://arxiv.org/abs/2102.09542v1 Sec.2.1 p2-3; Google NIH expert labels (Majkowska et al., Radiology 2020), copy at https://github.com/mlmed/torchxrayvision/blob/master/torchxrayvision/data/google2019_nih-chest-xray-labels.csv.gz"
MedSigLIP (MedGemma report),RSNA Pneumonia (NIH-derived),N,"ChestX-ray14 is not a MedSigLIP training source (MedGemma Table 1; model card lists MIMIC-CXR, Slake-VQA, PAD-UFES-20, SCIN, TCGA, CAMELYON, PMC-OA, Mendeley Knee X-ray + proprietary). Caveat: SLAKE (450 training images) took 179 CXRs from NIH ('From [8], we randomly select 179 chest X-Ray images'); their NIH ids are unknown (at most 179 images).",https://arxiv.org/abs/2507.05201v4 Table 1 p4; https://developers.google.com/health-ai-developer-foundations/medsiglip/model-card ('Source'); https://arxiv.org/abs/2102.09542v1 Sec.2.1 p2-3
MedSigLIP (MedGemma report),SIIM-ACR Pneumothorax (NIH-derived),N,"ChestX-ray14 is not a MedSigLIP training source (MedGemma Table 1; model card lists MIMIC-CXR, Slake-VQA, PAD-UFES-20, SCIN, TCGA, CAMELYON, PMC-OA, Mendeley Knee X-ray + proprietary). Caveat: SLAKE (450 training images) took 179 CXRs from NIH ('From [8], we randomly select 179 chest X-Ray images'); their NIH ids are unknown (at most 179 images).",https://arxiv.org/abs/2507.05201v4 Table 1 p4; https://developers.google.com/health-ai-developer-foundations/medsiglip/model-card ('Source'); https://arxiv.org/abs/2102.09542v1 Sec.2.1 p2-3
MedSigLIP (MedGemma report),ChestX-Det (NIH-derived),N,"ChestX-ray14 is not a MedSigLIP training source (MedGemma Table 1; model card lists MIMIC-CXR, Slake-VQA, PAD-UFES-20, SCIN, TCGA, CAMELYON, PMC-OA, Mendeley Knee X-ray + proprietary). Caveat: SLAKE (450 training images) took 179 CXRs from NIH ('From [8], we randomly select 179 chest X-Ray images'); their NIH ids are unknown (at most 179 images).",https://arxiv.org/abs/2507.05201v4 Table 1 p4; https://developers.google.com/health-ai-developer-foundations/medsiglip/model-card ('Source'); https://arxiv.org/abs/2102.09542v1 Sec.2.1 p2-3
MedSigLIP (MedGemma report),CheXpert validation (234 img / 200 pts),N,"CheXpert is not among the training datasets (Table 1, model card).",https://arxiv.org/abs/2507.05201v4 Table 1 p4; https://developers.google.com/health-ai-developer-foundations/medsiglip/model-card ('Source')
MedSigLIP (MedGemma report),CheXpert test (668 img / 500 pts),N,CheXpert (668) is marked OOD ('Data not seen during any model development stages'); zero-shot evaluation on CheXpert test.,"https://arxiv.org/abs/2507.05201v4 Table 2 p6, Sec.6 p18"
MedSigLIP (MedGemma report),"MIMIC-CXR official test (5,159 img)",S-train,"Vision-encoder training used MIMIC-CXR 231,483 images (Table 1); 'The medical training and evaluation datasets largely followed the datasets in Med-Gemini'. Med-Gemini lists the same 231,483 images (Table 1) and states 'We used the MIMIC-CXR training set ... We further employed the test cases of MIMIC-CXR as a benchmark'.","https://arxiv.org/abs/2507.05201v4 Sec.2.1 p3, Table 1 p4; https://arxiv.org/abs/2405.03162v1 Sec.2.1.1 p5, Table 1 p8"
MedSigLIP (MedGemma report),MS-CXR (MIMIC-derived),D-part,MIMIC-CXR training set used; MS-CXR includes MIMIC-train images (see RAD-DINO row); fraction unknown.,https://arxiv.org/abs/2405.03162v1 Sec.2.1.1 p5; https://arxiv.org/abs/2204.09817v4 Sec.3.1 p8; https://physionet.org/content/ms-cxr/1.1.0/ (Split; example annotation)
MedSigLIP (MedGemma report),"VinDr-CXR test (3,000 img)",N,VinDr-CXR is not among the training datasets.,https://arxiv.org/abs/2507.05201v4 Table 1 p4; https://developers.google.com/health-ai-developer-foundations/medsiglip/model-card ('Source')
MedSigLIP (MedGemma report),PadChest (no official split),N,PadChest is not among the training datasets.,https://arxiv.org/abs/2507.05201v4 Table 1 p4; https://developers.google.com/health-ai-developer-foundations/medsiglip/model-card ('Source')
MedImageInsight,"NIH ChestX-ray14 official test (25,596 img)",S-part*,"Pretraining used NIH-CXR-LT: '68,058 images from the training dataset were leveraged for training'. The released NIH-CXR-LT train split contains 11,616 of the 25,596 official test images (45.4%; computed). Paper: 'The MedImageInsight model was evaluated on 13,980 images not part of LTCXR training. The comparison models were evaluated on full 25,596 test set.' (25,596 - 13,980 = 11,616.)","https://arxiv.org/abs/2410.06542v1 App. dataset list p19, Table 4 notes p6; https://nihcc.app.box.com/v/ChestXray-NIHCC/folder/174256157515 (nih-cxr-lt_single-label_train.csv, 68,058 ids; Holste et al. 2022); https://nihcc.app.box.com/v/ChestXray-NIHCC (README_CHESTXRAY.pdf item 4; test_list.txt = 25,596; train_val_list.txt = 86,524)"
MedImageInsight,RSNA Pneumonia (NIH-derived),D-part*,"14,537 of the 30,000 RSNA images (48.5%) are NIH images in the NIH-CXR-LT train split (computed with RSNA mapping).","https://arxiv.org/abs/2410.06542v1 p19; https://nihcc.app.box.com/v/ChestXray-NIHCC/folder/174256157515 (nih-cxr-lt_single-label_train.csv, 68,058 ids; Holste et al. 2022); https://s3.amazonaws.com/east1.public.rsna.org/AI/2018/pneumonia-challenge-dataset-mappings_2018.json (RSNA 'mapping of RSNA image dataset to original NIH dataset', linked at https://www.rsna.org/artificial-intelligence/ai-image-challenge/rsna-pneumonia-detection-challenge-2018)"
MedImageInsight,SIIM-ACR Pneumothorax (NIH-derived),D-part,"NIH-CXR-LT train covers 68,058/112,120 NIH images; SIIM cannot be mapped to NIH ids, so the fraction is unknown.","https://arxiv.org/abs/2410.06542v1 p19; https://nihcc.app.box.com/v/ChestXray-NIHCC/folder/174256157515 (nih-cxr-lt_single-label_train.csv, 68,058 ids; Holste et al. 2022); https://siim.org/research-journal/siim-machine-learning-challenges/pneumothorax-kaggle-challenge/ ; Filice et al., J Digit Imaging 2020;33:490-496 (doi:10.1007/s10278-019-00299-9)"
MedImageInsight,ChestX-Det (NIH-derived),D-part,"Same as SIIM; ChestX-Det file names are anonymised, so the fraction is unknown.","https://arxiv.org/abs/2410.06542v1 p19; https://nihcc.app.box.com/v/ChestXray-NIHCC/folder/174256157515 (nih-cxr-lt_single-label_train.csv, 68,058 ids; Holste et al. 2022); https://github.com/Deepwise-AILab/ChestX-Det-Dataset README; https://arxiv.org/abs/2104.10326 Sec.4.1 p9-10"
MedImageInsight,CheXpert validation (234 img / 200 pts),N,"CheXpert is not among the listed pretraining datasets (Table 8). Caveat: 1,832,206 'Proprietary' Mixed images and PMC-15M/ROCO figures are undisclosed at image level.",https://arxiv.org/abs/2410.06542v1 Table 8 p12
MedImageInsight,CheXpert test (668 img / 500 pts),N,Same as validation: not in listed pretraining data.,https://arxiv.org/abs/2410.06542v1 Table 8 p12
MedImageInsight,"MIMIC-CXR official test (5,159 img)",S-train,"'MIMIC-CXR: Frontal chest X-rays from the training partition of the MIMIC-CXR dataset ... In total 203,170 images from this dataset were used for training.'",https://arxiv.org/abs/2410.06542v1 App. p19; Table 8 p12
MedImageInsight,MS-CXR (MIMIC-derived),D-part,MIMIC training partition (frontal) used; MS-CXR includes MIMIC-train images; fraction unknown.,https://arxiv.org/abs/2410.06542v1 App. p19; https://arxiv.org/abs/2204.09817v4 Sec.3.1 p8; https://physionet.org/content/ms-cxr/1.1.0/ (Split; example annotation)
MedImageInsight,"VinDr-CXR test (3,000 img)",N,VinDr-CXR is not among the listed pretraining datasets.,https://arxiv.org/abs/2410.06542v1 Table 8 p12
MedImageInsight,PadChest (no official split),N,PadChest is not among the listed pretraining datasets.,https://arxiv.org/abs/2410.06542v1 Table 8 p12
Google CXR Foundation / ELIXR,"NIH ChestX-ray14 official test (25,596 img)",?,"The image encoder (EfficientNet-L2) was 'initialized from the SupCon checkpoint used in Sellergren et al', whose training images 'included more than 700 000 images across five hospitals in five cities in India (hereafter, IND1 data set), the ChestX-ray14 data set, and a hospital from Illinois' (US1). The HAI-DEF card's training-data list (MIMIC-CXR, US AMC, India) omits ChestX-ray14. Which ChestX-ray14 split SupCon used is not stated in the accessible text. Google's CXR14 test set (1,962) lies entirely in the NIH official test split (verified), which is consistent with train-only use but not a statement.","https://arxiv.org/abs/2308.01317v2 Suppl. p31; https://doi.org/10.1148/radiol.212482 (Sellergren et al., Radiology 2022;305:454-465), Materials and Methods 'Chest Radiography Data Sets'; https://developers.google.com/health-ai-developer-foundations/cxr-foundation/model-card ('Training dataset'); Google NIH expert labels (Majkowska et al., Radiology 2020), copy at https://github.com/mlmed/torchxrayvision/blob/master/torchxrayvision/data/google2019_nih-chest-xray-labels.csv.gz"
Google CXR Foundation / ELIXR,RSNA Pneumonia (NIH-derived),D-part,"The image encoder (EfficientNet-L2) was 'initialized from the SupCon checkpoint used in Sellergren et al', whose training images 'included more than 700 000 images across five hospitals in five cities in India (hereafter, IND1 data set), the ChestX-ray14 data set, and a hospital from Illinois' (US1). The HAI-DEF card's training-data list (MIMIC-CXR, US AMC, India) omits ChestX-ray14. RSNA images are NIH images: 72.7% of them if SupCon used the official train_val split, 100% if all of NIH; the exact fraction is unknown.","https://doi.org/10.1148/radiol.212482 (Sellergren et al., Radiology 2022;305:454-465), Materials and Methods 'Chest Radiography Data Sets'; https://arxiv.org/abs/2308.01317v2 Suppl. p31; https://s3.amazonaws.com/east1.public.rsna.org/AI/2018/pneumonia-challenge-dataset-mappings_2018.json (RSNA 'mapping of RSNA image dataset to original NIH dataset', linked at https://www.rsna.org/artificial-intelligence/ai-image-challenge/rsna-pneumonia-detection-challenge-2018)"
Google CXR Foundation / ELIXR,SIIM-ACR Pneumothorax (NIH-derived),D-part,"The image encoder (EfficientNet-L2) was 'initialized from the SupCon checkpoint used in Sellergren et al', whose training images 'included more than 700 000 images across five hospitals in five cities in India (hereafter, IND1 data set), the ChestX-ray14 data set, and a hospital from Illinois' (US1). The HAI-DEF card's training-data list (MIMIC-CXR, US AMC, India) omits ChestX-ray14. SIIM is NIH-derived; fraction unknown.","https://doi.org/10.1148/radiol.212482 (Sellergren et al., Radiology 2022;305:454-465), Materials and Methods 'Chest Radiography Data Sets'; https://siim.org/research-journal/siim-machine-learning-challenges/pneumothorax-kaggle-challenge/ ; Filice et al., J Digit Imaging 2020;33:490-496 (doi:10.1007/s10278-019-00299-9)"
Google CXR Foundation / ELIXR,ChestX-Det (NIH-derived),D-part,"The image encoder (EfficientNet-L2) was 'initialized from the SupCon checkpoint used in Sellergren et al', whose training images 'included more than 700 000 images across five hospitals in five cities in India (hereafter, IND1 data set), the ChestX-ray14 data set, and a hospital from Illinois' (US1). The HAI-DEF card's training-data list (MIMIC-CXR, US AMC, India) omits ChestX-ray14. ChestX-Det is NIH-derived; fraction unknown.","https://doi.org/10.1148/radiol.212482 (Sellergren et al., Radiology 2022;305:454-465), Materials and Methods 'Chest Radiography Data Sets'; https://github.com/Deepwise-AILab/ChestX-Det-Dataset README; https://arxiv.org/abs/2104.10326 Sec.4.1 p9-10"
Google CXR Foundation / ELIXR,CheXpert validation (234 img / 200 pts),N +sel,'CheXpert was not used for pretraining SupCon at all ... CheXpert is completely held out from ELIXR-B and ELIXR-C zero-shot.' ELIXR-B: 'Checkpoints were selected using zero-shot performance on CheXpert validation as well as the validation losses.',https://arxiv.org/abs/2308.01317v2 p14; Suppl. p31
Google CXR Foundation / ELIXR,CheXpert test (668 img / 500 pts),N,Completely held out (above); zero-shot and data-efficient evaluation on CheXpert test.,https://arxiv.org/abs/2308.01317v2 p14; https://developers.google.com/health-ai-developer-foundations/cxr-foundation/model-card ('Training dataset')
Google CXR Foundation / ELIXR,"MIMIC-CXR official test (5,159 img)",S-train,"'Data from IND1, US1, and the MIMIC-CXR train set were used for training ELIXR-C, while only data from the MIMIC-CXR train set were used for training ELIXR-B'; MIMIC test used for evaluation. Inconsistency: the card says 'MIMIC-CXR, comprising of 243,324 images', which is ELIXR Table 1's whole-dataset frontal count (AP 147,169 + PA 96,155).",https://arxiv.org/abs/2308.01317v2 Datasets + Table 1 p7; https://developers.google.com/health-ai-developer-foundations/cxr-foundation/model-card ('Training dataset')
Google CXR Foundation / ELIXR,MS-CXR (MIMIC-derived),D-part,MIMIC-CXR train set used; MS-CXR includes MIMIC-train images; fraction unknown.,https://arxiv.org/abs/2308.01317v2 p7; https://arxiv.org/abs/2204.09817v4 Sec.3.1 p8; https://physionet.org/content/ms-cxr/1.1.0/ (Split; example annotation)
Google CXR Foundation / ELIXR,"VinDr-CXR test (3,000 img)",N,"VinDr-CXR is not among development datasets (IND1, US1, MIMIC-CXR; SupCon also CXR14).","https://arxiv.org/abs/2308.01317v2 Table 1 p7; https://doi.org/10.1148/radiol.212482 (Sellergren et al., Radiology 2022;305:454-465), Materials and Methods 'Chest Radiography Data Sets'"
Google CXR Foundation / ELIXR,PadChest (no official split),N,PadChest is not among development datasets.,"https://arxiv.org/abs/2308.01317v2 Table 1 p7; https://doi.org/10.1148/radiol.212482 (Sellergren et al., Radiology 2022;305:454-465), Materials and Methods 'Chest Radiography Data Sets'"
CheXzero,"NIH ChestX-ray14 official test (25,596 img)",N,Trained on MIMIC-CXR only ('The self-supervised method was trained on the MIMIC-CXR dataset').,"https://www.nature.com/articles/s41551-022-00936-9 (Tiu et al., Nat Biomed Eng 2022) Methods 'Datasets: Training'"
CheXzero,RSNA Pneumonia (NIH-derived),N,Trained on MIMIC-CXR only ('The self-supervised method was trained on the MIMIC-CXR dataset').,"https://www.nature.com/articles/s41551-022-00936-9 (Tiu et al., Nat Biomed Eng 2022) Methods 'Datasets: Training'"
CheXzero,SIIM-ACR Pneumothorax (NIH-derived),N,Trained on MIMIC-CXR only ('The self-supervised method was trained on the MIMIC-CXR dataset').,"https://www.nature.com/articles/s41551-022-00936-9 (Tiu et al., Nat Biomed Eng 2022) Methods 'Datasets: Training'"
CheXzero,ChestX-Det (NIH-derived),N,Trained on MIMIC-CXR only ('The self-supervised method was trained on the MIMIC-CXR dataset').,"https://www.nature.com/articles/s41551-022-00936-9 (Tiu et al., Nat Biomed Eng 2022) Methods 'Datasets: Training'"
CheXzero,CheXpert validation (234 img / 200 pts),N +sel,'We performed a hyperparameter sweep over the batch size and the learning rate using the CheXpert validation dataset'; 'We ensemble the top-ten model checkpoints sorted by mean AUC over the five CheXpert pathologies on the validation dataset'; MCC thresholds tuned on the validation set.,"https://www.nature.com/articles/s41551-022-00936-9 (Tiu et al., Nat Biomed Eng 2022) Methods 'Training', 'Ensembling', 'Datasets'"
CheXzero,CheXpert test (668 img / 500 pts),N,CheXpert test is the external evaluation set (500 studies).,"https://www.nature.com/articles/s41551-022-00936-9 (Tiu et al., Nat Biomed Eng 2022) Methods 'Evaluation'"
CheXzero,"MIMIC-CXR official test (5,159 img)",S,"'We trained the model with 377,110 pairs of a chest X-ray image and the corresponding raw radiology report from the MIMIC-CXR dataset'; 'Each of the 377,110 chest X-rays in the MIMIC-CXR dataset were re-sized'; 'all images from the MIMIC-CXR dataset are stored in a single HDF5 file'. 377,110 = all MIMIC-CXR-JPG images, including the 5,159 test images. The released preprocessing walks every .jpg under files/ with no split filter. Conflicting phrase: 'jointly train on the MIMIC-CXR training dataset'.","https://www.nature.com/articles/s41551-022-00936-9 (Tiu et al., Nat Biomed Eng 2022) Results; Methods 'Pre-processing', 'Training'; https://github.com/rajpurkarlab/CheXzero (run_preprocess.py; data_process.py get_files/get_cxr_path_csv); https://arxiv.org/abs/1901.07042v5 Table 3 p4"
CheXzero,MS-CXR (MIMIC-derived),D,"The whole MIMIC-CXR image set was used (previous cell), so all MS-CXR images, which are MIMIC-CXR images, are exposed.","https://www.nature.com/articles/s41551-022-00936-9 (Tiu et al., Nat Biomed Eng 2022) Results; https://arxiv.org/abs/2204.09817v4 Sec.3.1 p8; https://physionet.org/content/ms-cxr/1.1.0/ (Split; example annotation)"
CheXzero,"VinDr-CXR test (3,000 img)",N,Trained on MIMIC-CXR only ('The self-supervised method was trained on the MIMIC-CXR dataset').,"https://www.nature.com/articles/s41551-022-00936-9 (Tiu et al., Nat Biomed Eng 2022) Methods"
CheXzero,PadChest (no official split),N,"PadChest is an external test set (39,053 physician-labelled images); not trained on.","https://www.nature.com/articles/s41551-022-00936-9 (Tiu et al., Nat Biomed Eng 2022) Methods 'Evaluation'"
BiomedCLIP,"NIH ChestX-ray14 official test (25,596 img)",N,"Pretrained on PMC-15M, '15 million figure-caption pairs extracted from biomedical research articles in PubMed Central'; no CXR benchmark dataset is a training source. Individual benchmark images reproduced in published figures could be included incidentally; this is neither excluded nor verifiable.",https://arxiv.org/abs/2303.00915v3 (abstract p1; Methods p7); https://huggingface.co/microsoft/BiomedCLIP-PubMedBERT_256-vit_base_patch16_224 ('Training Data')
BiomedCLIP,RSNA Pneumonia (NIH-derived),N,"Pretrained on PMC-15M, '15 million figure-caption pairs extracted from biomedical research articles in PubMed Central'; no CXR benchmark dataset is a training source. Individual benchmark images reproduced in published figures could be included incidentally; this is neither excluded nor verifiable.",https://arxiv.org/abs/2303.00915v3 (abstract p1; Methods p7); https://huggingface.co/microsoft/BiomedCLIP-PubMedBERT_256-vit_base_patch16_224 ('Training Data')
BiomedCLIP,SIIM-ACR Pneumothorax (NIH-derived),N,"Pretrained on PMC-15M, '15 million figure-caption pairs extracted from biomedical research articles in PubMed Central'; no CXR benchmark dataset is a training source. Individual benchmark images reproduced in published figures could be included incidentally; this is neither excluded nor verifiable.",https://arxiv.org/abs/2303.00915v3 (abstract p1; Methods p7); https://huggingface.co/microsoft/BiomedCLIP-PubMedBERT_256-vit_base_patch16_224 ('Training Data')
BiomedCLIP,ChestX-Det (NIH-derived),N,"Pretrained on PMC-15M, '15 million figure-caption pairs extracted from biomedical research articles in PubMed Central'; no CXR benchmark dataset is a training source. Individual benchmark images reproduced in published figures could be included incidentally; this is neither excluded nor verifiable.",https://arxiv.org/abs/2303.00915v3 (abstract p1; Methods p7); https://huggingface.co/microsoft/BiomedCLIP-PubMedBERT_256-vit_base_patch16_224 ('Training Data')
BiomedCLIP,CheXpert validation (234 img / 200 pts),N,"Pretrained on PMC-15M, '15 million figure-caption pairs extracted from biomedical research articles in PubMed Central'; no CXR benchmark dataset is a training source. Individual benchmark images reproduced in published figures could be included incidentally; this is neither excluded nor verifiable.",https://arxiv.org/abs/2303.00915v3 (abstract p1; Methods p7); https://huggingface.co/microsoft/BiomedCLIP-PubMedBERT_256-vit_base_patch16_224 ('Training Data')
BiomedCLIP,CheXpert test (668 img / 500 pts),N,"Pretrained on PMC-15M, '15 million figure-caption pairs extracted from biomedical research articles in PubMed Central'; no CXR benchmark dataset is a training source. Individual benchmark images reproduced in published figures could be included incidentally; this is neither excluded nor verifiable.",https://arxiv.org/abs/2303.00915v3 (abstract p1; Methods p7); https://huggingface.co/microsoft/BiomedCLIP-PubMedBERT_256-vit_base_patch16_224 ('Training Data')
BiomedCLIP,"MIMIC-CXR official test (5,159 img)",N,"Pretrained on PMC-15M, '15 million figure-caption pairs extracted from biomedical research articles in PubMed Central'; no CXR benchmark dataset is a training source. Individual benchmark images reproduced in published figures could be included incidentally; this is neither excluded nor verifiable.",https://arxiv.org/abs/2303.00915v3 (abstract p1; Methods p7); https://huggingface.co/microsoft/BiomedCLIP-PubMedBERT_256-vit_base_patch16_224 ('Training Data')
BiomedCLIP,MS-CXR (MIMIC-derived),N,"Pretrained on PMC-15M, '15 million figure-caption pairs extracted from biomedical research articles in PubMed Central'; no CXR benchmark dataset is a training source. Individual benchmark images reproduced in published figures could be included incidentally; this is neither excluded nor verifiable.",https://arxiv.org/abs/2303.00915v3 (abstract p1; Methods p7); https://huggingface.co/microsoft/BiomedCLIP-PubMedBERT_256-vit_base_patch16_224 ('Training Data')
BiomedCLIP,"VinDr-CXR test (3,000 img)",N,"Pretrained on PMC-15M, '15 million figure-caption pairs extracted from biomedical research articles in PubMed Central'; no CXR benchmark dataset is a training source. Individual benchmark images reproduced in published figures could be included incidentally; this is neither excluded nor verifiable.",https://arxiv.org/abs/2303.00915v3 (abstract p1; Methods p7); https://huggingface.co/microsoft/BiomedCLIP-PubMedBERT_256-vit_base_patch16_224 ('Training Data')
BiomedCLIP,PadChest (no official split),N,"Pretrained on PMC-15M, '15 million figure-caption pairs extracted from biomedical research articles in PubMed Central'; no CXR benchmark dataset is a training source. Individual benchmark images reproduced in published figures could be included incidentally; this is neither excluded nor verifiable.",https://arxiv.org/abs/2303.00915v3 (abstract p1; Methods p7); https://huggingface.co/microsoft/BiomedCLIP-PubMedBERT_256-vit_base_patch16_224 ('Training Data')
Ark+ (Ark-6),"NIH ChestX-ray14 official test (25,596 img)",S-train*,"Pretraining config uses Xray14_train_official.txt (75,312 images; 0 official test images, verified). Paper: pretrained on Datasets 1-6 'with all validation and test data excluded to avoid test-image leaks' (NIH 75312/11212/25596).","https://github.com/jlianglab/Ark/tree/main/Ark_Plus (Pretraining/datasets_config.yaml; dataset/*); https://arxiv.org/abs/2310.09507v1 (Ark, MICCAI 2023) Sec.3 p5, Table 1 p3; https://nihcc.app.box.com/v/ChestXray-NIHCC (README_CHESTXRAY.pdf item 4; test_list.txt = 25,596; train_val_list.txt = 86,524)"
Ark+ (Ark-6),RSNA Pneumonia (NIH-derived),D-part*,"The RSNA train split (21,295) is itself a pretraining set. Of Ark's own RSNA test split (2,709), 1,729 (63.8%) are NIH images in the NIH pretraining list (computed via RSNA mapping). Overall, 26,719/30,000 (89.1%) RSNA images enter pretraining through either list.","https://github.com/jlianglab/Ark/tree/main/Ark_Plus (Pretraining/datasets_config.yaml; dataset/*) (RSNA/*.txt, ChestXray14/*.txt); https://arxiv.org/abs/2310.09507v1 (Ark, MICCAI 2023) Table 1 p3; https://s3.amazonaws.com/east1.public.rsna.org/AI/2018/pneumonia-challenge-dataset-mappings_2018.json (RSNA 'mapping of RSNA image dataset to original NIH dataset', linked at https://www.rsna.org/artificial-intelligence/ai-image-challenge/rsna-pneumonia-detection-challenge-2018)"
Ark+ (Ark-6),SIIM-ACR Pneumothorax (NIH-derived),D-part,"Ark: 'an unseen dataset, 10.SIIM, where the images have not been previously seen by the Ark models during pretraining'. Ark+ uses SIIM for zero-shot ('The SIIM-ACR Pneumothorax dataset was converted into a classification task to assess the model's zero-shot disease detection performance'). But SIIM images are NIH images, and 75,312 NIH images (plus RSNA-train NIH images) are in pretraining; fraction unknown. The authors did remove '617 images shared between NODE21 and ChestX-ray14'.","https://arxiv.org/abs/2310.09507v1 (Ark, MICCAI 2023) Sec.3.3 p8; Ark+ (Nature 643:488-498, 2025) peer-review file https://static-content.springer.com/esm/art%3A10.1038%2Fs41586-025-09079-8/MediaObjects/41586_2025_9079_MOESM3_ESM.pdf p9; https://github.com/jlianglab/Ark/tree/main/Ark_Plus (Pretraining/datasets_config.yaml; dataset/*); https://siim.org/research-journal/siim-machine-learning-challenges/pneumothorax-kaggle-challenge/ ; Filice et al., J Digit Imaging 2020;33:490-496 (doi:10.1007/s10278-019-00299-9)"
Ark+ (Ark-6),ChestX-Det (NIH-derived),D-part,"NIH-derived; 75,312 NIH training images plus RSNA-train images are in pretraining; ChestX-Det ids are anonymised, so the fraction is unknown.",https://github.com/jlianglab/Ark/tree/main/Ark_Plus (Pretraining/datasets_config.yaml; dataset/*); https://github.com/Deepwise-AILab/ChestX-Det-Dataset README; https://arxiv.org/abs/2104.10326 Sec.4.1 p9-10
Ark+ (Ark-6),CheXpert validation (234 img / 200 pts),S-train*,"Pretraining list CheXpert_train_official.csv contains only the 223,414 train images (verified); validation is used as val_list.","https://github.com/jlianglab/Ark/tree/main/Ark_Plus (Pretraining/datasets_config.yaml; dataset/*) (CheXpert/*.csv); https://arxiv.org/abs/2310.09507v1 (Ark, MICCAI 2023) Table 1 p3"
Ark+ (Ark-6),CheXpert test (668 img / 500 pts),S-train*,CheXpert train split is pretrained on; test images are not in the pretraining list (verified).,https://github.com/jlianglab/Ark/tree/main/Ark_Plus (Pretraining/datasets_config.yaml; dataset/*) (CheXpert/*.csv)
Ark+ (Ark-6),"MIMIC-CXR official test (5,159 img)",S-train*,"mimic-cxr-2.0.0-train.csv (368,878 rows) contains 0 test and 0 validate dicom_ids (verified). Paper Table 1: MIMIC-II 368879/2992/5159.","https://github.com/jlianglab/Ark/tree/main/Ark_Plus (Pretraining/datasets_config.yaml; dataset/*) (MIMIC/*.csv); https://arxiv.org/abs/2310.09507v1 (Ark, MICCAI 2023) Table 1 p3"
Ark+ (Ark-6),MS-CXR (MIMIC-derived),M-part,The public MS-CXR example image (c436cddb-4126f15e-59c0733c-34b5a4b5-bbda7ffd) is in Ark's MIMIC train list (verified); fraction unknown.,https://github.com/jlianglab/Ark/tree/main/Ark_Plus (Pretraining/datasets_config.yaml; dataset/*); https://arxiv.org/abs/2204.09817v4 Sec.3.1 p8; https://physionet.org/content/ms-cxr/1.1.0/ (Split; example annotation)
Ark+ (Ark-6),"VinDr-CXR test (3,000 img)",S-train*,"VinDr train list = 15,000 official training images; test images are not in it. Caveat: the pretraining config uses the VinDr test list as val_list (validation loss logged each epoch; default cosine LR schedule).","https://github.com/jlianglab/Ark/tree/main/Ark_Plus (Pretraining/datasets_config.yaml; dataset/*) (VinDrCXR/*.txt; Pretraining/datasets_config.yaml); https://arxiv.org/abs/2310.09507v1 (Ark, MICCAI 2023) Table 1 p3"
Ark+ (Ark-6),PadChest (no official split),N,PadChest is not among the six pretraining datasets.,"https://arxiv.org/abs/2310.09507v1 (Ark, MICCAI 2023) Table 1 p3; https://github.com/jlianglab/Ark/tree/main/Ark_Plus (Pretraining/datasets_config.yaml; dataset/*) README"
"CXR-CLIP (M,C,C14 checkpoints)","NIH ChestX-ray14 official test (25,596 img)",?,"Conflicting evidence. Text: 'We used 20% of the original training set for validation, and the remaining 80% for pre-training.' Table 1 lists ChestX-ray14 Train 89,696 / Valid 22,423 (sum 112,119, i.e. about all 112,120 NIH images; no test column). The repo README splits only train_val_list.txt (80/20 by patient, random_state=0), which reproduces as 69,718/16,806 images. If Table 1 is right, about 80% of the official test split was pretrained on.","https://arxiv.org/abs/2310.13292v1 Table 1 p5, Sec.4.1 p6; https://github.com/Soombit-ai/cxr-clip (datasets/README.md; configs/train.yaml; cxrclip/trainer.py)"
"CXR-CLIP (M,C,C14 checkpoints)",RSNA Pneumonia (NIH-derived),D-part,"17,573/30,000 RSNA images (58.6%) are in the README-reproduced NIH pretraining split (computed); about 80% if the Table 1 split of all NIH images was used.","https://arxiv.org/abs/2310.13292v1 Table 1 p5; https://github.com/Soombit-ai/cxr-clip (datasets/README.md; configs/train.yaml; cxrclip/trainer.py); https://s3.amazonaws.com/east1.public.rsna.org/AI/2018/pneumonia-challenge-dataset-mappings_2018.json (RSNA 'mapping of RSNA image dataset to original NIH dataset', linked at https://www.rsna.org/artificial-intelligence/ai-image-challenge/rsna-pneumonia-detection-challenge-2018)"
"CXR-CLIP (M,C,C14 checkpoints)",SIIM-ACR Pneumothorax (NIH-derived),D-part,NIH-derived; NIH images are in pretraining (see NIH cell); fraction unknown.,"https://arxiv.org/abs/2310.13292v1 Table 1 p5; https://siim.org/research-journal/siim-machine-learning-challenges/pneumothorax-kaggle-challenge/ ; Filice et al., J Digit Imaging 2020;33:490-496 (doi:10.1007/s10278-019-00299-9)"
"CXR-CLIP (M,C,C14 checkpoints)",ChestX-Det (NIH-derived),D-part,NIH-derived; fraction unknown.,https://arxiv.org/abs/2310.13292v1 Table 1 p5; https://github.com/Deepwise-AILab/ChestX-Det-Dataset README; https://arxiv.org/abs/2104.10326 Sec.4.1 p9-10
"CXR-CLIP (M,C,C14 checkpoints)",CheXpert validation (234 img / 200 pts),S-train +sel,"'We used the training split for pre-training with class-specific prompts' (CheXpert5x200 excluded). The official validation set (Table 1 'Valid 233') is in data_valid, and the released workflow uses model-best.tar chosen by validation contrastive loss ('loss_best: contrastive').","https://arxiv.org/abs/2310.13292v1 Sec.4.1 p5, Table 1 p5; https://github.com/Soombit-ai/cxr-clip (datasets/README.md; configs/train.yaml; cxrclip/trainer.py)"
"CXR-CLIP (M,C,C14 checkpoints)",CheXpert test (668 img / 500 pts),S-train,Training split only.,https://arxiv.org/abs/2310.13292v1 Sec.4.1 p5
"CXR-CLIP (M,C,C14 checkpoints)","MIMIC-CXR official test (5,159 img)",S-train,'We used the training split for pre-training and the test split for image-to-text retrieval.',https://arxiv.org/abs/2310.13292v1 Sec.4.1 p5
"CXR-CLIP (M,C,C14 checkpoints)",MS-CXR (MIMIC-derived),D-part,MIMIC training split used; MS-CXR includes MIMIC-train images; fraction unknown.,https://arxiv.org/abs/2310.13292v1 Sec.4.1 p5; https://arxiv.org/abs/2204.09817v4 Sec.3.1 p8; https://physionet.org/content/ms-cxr/1.1.0/ (Split; example annotation)
"CXR-CLIP (M,C,C14 checkpoints)","VinDr-CXR test (3,000 img)",N,VinDr-CXR is downstream only (validation drawn from its training set).,https://arxiv.org/abs/2310.13292v1 Sec.4.1 p6; https://github.com/Soombit-ai/cxr-clip (datasets/README.md; configs/train.yaml; cxrclip/trainer.py)
"CXR-CLIP (M,C,C14 checkpoints)",PadChest (no official split),N,PadChest is not used.,https://arxiv.org/abs/2310.13292v1 Table 1 p5
KAD,"NIH ChestX-ray14 official test (25,596 img)",N +sel,Pretraining on MIMIC-CXR only. NIH evaluation: 'We strictly follow the official patient-wise data split ... and use the images from 10% subjects in the training set to form a validation set.' Code saves best_valid.pt by zero-shot AUC on that NIH validation split; the released checkpoints are best_valid.pt.,"https://arxiv.org/abs/2302.14042v3 (Zhang et al., Nat Commun 2023) Sec.4.2 p6-7; https://github.com/xiaoman-zhang/KAD (A3_CLIP/main.py lines 154-216; configs/Res_train.yaml; released checkpoints on the README's Google Drive are named best_valid.pt)"
KAD,RSNA Pneumonia (NIH-derived),N,Not in pretraining (MIMIC-CXR only).,"https://arxiv.org/abs/2302.14042v3 (Zhang et al., Nat Commun 2023) Sec.4.2.1 p6"
KAD,SIIM-ACR Pneumothorax (NIH-derived),N,Not in pretraining (MIMIC-CXR only).,"https://arxiv.org/abs/2302.14042v3 (Zhang et al., Nat Commun 2023) Sec.4.2.1 p6"
KAD,ChestX-Det (NIH-derived),N,Not in pretraining; ChestX-Det10 test used for zero-shot grounding ('ChestX-Det10 is a subset of NIH ChestXray14').,"https://arxiv.org/abs/2302.14042v3 (Zhang et al., Nat Commun 2023) Sec.4.2 p7"
KAD,CheXpert validation (234 img / 200 pts),N +sel,'We use the validation dataset for picking the thresholds of predictions.' (Code also tracks best_valid_chexpert.pt.),"https://arxiv.org/abs/2302.14042v3 (Zhang et al., Nat Commun 2023) Sec.4.2.2 p7; https://github.com/xiaoman-zhang/KAD (A3_CLIP/main.py lines 154-216; configs/Res_train.yaml; released checkpoints on the README's Google Drive are named best_valid.pt)"
KAD,CheXpert test (668 img / 500 pts),N,Official test used for zero-shot evaluation.,"https://arxiv.org/abs/2302.14042v3 (Zhang et al., Nat Commun 2023) Sec.4.2.2 p7"
KAD,"MIMIC-CXR official test (5,159 img)",?,"'we conduct model pre-training on MIMIC-CXR ... The MIMIC-CXR dataset contains 377,110 images'. No split is stated, and the training CSV is not public.","https://arxiv.org/abs/2302.14042v3 (Zhang et al., Nat Commun 2023) Sec.4.2.1 p6; https://github.com/xiaoman-zhang/KAD (A3_CLIP/main.py lines 154-216; configs/Res_train.yaml; released checkpoints on the README's Google Drive are named best_valid.pt)"
KAD,MS-CXR (MIMIC-derived),D-part,"MIMIC-CXR used (split unstated), so at least MS-CXR's MIMIC-train images are exposed.","https://arxiv.org/abs/2302.14042v3 (Zhang et al., Nat Commun 2023) Sec.4.2.1 p6; https://arxiv.org/abs/2204.09817v4 Sec.3.1 p8; https://physionet.org/content/ms-cxr/1.1.0/ (Split; example annotation)"
KAD,"VinDr-CXR test (3,000 img)",N,Not in pretraining.,"https://arxiv.org/abs/2302.14042v3 (Zhang et al., Nat Commun 2023) Sec.4.2.1 p6"
KAD,PadChest (no official split),N,PadChest physician-labelled subset used for zero-shot test only.,"https://arxiv.org/abs/2302.14042v3 (Zhang et al., Nat Commun 2023) Sec.4.2.2 p6"
BioViL-T (added: MS-CXR authors' model),"NIH ChestX-ray14 official test (25,596 img)",N,Pretraining on MIMIC-CXR v2 only.,https://arxiv.org/abs/2301.04558v2 Sec.4 p5
BioViL-T (added: MS-CXR authors' model),RSNA Pneumonia (NIH-derived),N,Pretraining on MIMIC-CXR v2 only. RSNA is a downstream benchmark.,https://arxiv.org/abs/2301.04558v2 Sec.4 p5
BioViL-T (added: MS-CXR authors' model),SIIM-ACR Pneumothorax (NIH-derived),N,Pretraining on MIMIC-CXR v2 only.,https://arxiv.org/abs/2301.04558v2 Sec.4 p5
BioViL-T (added: MS-CXR authors' model),ChestX-Det (NIH-derived),N,Pretraining on MIMIC-CXR v2 only.,https://arxiv.org/abs/2301.04558v2 Sec.4 p5
BioViL-T (added: MS-CXR authors' model),CheXpert validation (234 img / 200 pts),N,Pretraining on MIMIC-CXR v2 only.,https://arxiv.org/abs/2301.04558v2 Sec.4 p5
BioViL-T (added: MS-CXR authors' model),CheXpert test (668 img / 500 pts),N,Pretraining on MIMIC-CXR v2 only.,https://arxiv.org/abs/2301.04558v2 Sec.4 p5
BioViL-T (added: MS-CXR authors' model),"VinDr-CXR test (3,000 img)",N,Pretraining on MIMIC-CXR v2 only.,https://arxiv.org/abs/2301.04558v2 Sec.4 p5
BioViL-T (added: MS-CXR authors' model),PadChest (no official split),N,Pretraining on MIMIC-CXR v2 only.,https://arxiv.org/abs/2301.04558v2 Sec.4 p5
BioViL-T (added: MS-CXR authors' model),"MIMIC-CXR official test (5,159 img)",?,"Custom split: '174.1k and 4.9k text-image pairs for training and validation' and 'a disjoint held-out test set shared across all tasks, |Dtest| = 2971'. The relation to the official MIMIC test split is not stated.",https://arxiv.org/abs/2301.04558v2 Sec.4 p5
BioViL-T (added: MS-CXR authors' model),MS-CXR (MIMIC-derived),N,MS-CXR is a downstream task evaluated on the 'disjoint held-out test set shared across all tasks'. BioViL: 'ensuring that all samples used for the different downstream evaluations are kept in a held-out test set'.,https://arxiv.org/abs/2301.04558v2 Sec.4 p5; https://arxiv.org/abs/2204.09817v4 Sec.4.1 p9
DINOv2 LVD-142M (natural-image control),"NIH ChestX-ray14 official test (25,596 img)",N,"LVD-142M was built by retrieval from 1.2B web images using the curated sets in Table 15 (ImageNet-22k/1k, Google Landmarks, fine-grained, segmentation, depth, retrieval sets); no medical dataset. Near-duplicates were removed only against DINOv2's own benchmarks. Incidental web CXR images cannot be excluded.",https://arxiv.org/abs/2304.07193v2 Sec.3 p5; Table 15 p30
DINOv2 LVD-142M (natural-image control),RSNA Pneumonia (NIH-derived),N,"LVD-142M was built by retrieval from 1.2B web images using the curated sets in Table 15 (ImageNet-22k/1k, Google Landmarks, fine-grained, segmentation, depth, retrieval sets); no medical dataset. Near-duplicates were removed only against DINOv2's own benchmarks. Incidental web CXR images cannot be excluded.",https://arxiv.org/abs/2304.07193v2 Sec.3 p5; Table 15 p30
DINOv2 LVD-142M (natural-image control),SIIM-ACR Pneumothorax (NIH-derived),N,"LVD-142M was built by retrieval from 1.2B web images using the curated sets in Table 15 (ImageNet-22k/1k, Google Landmarks, fine-grained, segmentation, depth, retrieval sets); no medical dataset. Near-duplicates were removed only against DINOv2's own benchmarks. Incidental web CXR images cannot be excluded.",https://arxiv.org/abs/2304.07193v2 Sec.3 p5; Table 15 p30
DINOv2 LVD-142M (natural-image control),ChestX-Det (NIH-derived),N,"LVD-142M was built by retrieval from 1.2B web images using the curated sets in Table 15 (ImageNet-22k/1k, Google Landmarks, fine-grained, segmentation, depth, retrieval sets); no medical dataset. Near-duplicates were removed only against DINOv2's own benchmarks. Incidental web CXR images cannot be excluded.",https://arxiv.org/abs/2304.07193v2 Sec.3 p5; Table 15 p30
DINOv2 LVD-142M (natural-image control),CheXpert validation (234 img / 200 pts),N,"LVD-142M was built by retrieval from 1.2B web images using the curated sets in Table 15 (ImageNet-22k/1k, Google Landmarks, fine-grained, segmentation, depth, retrieval sets); no medical dataset. Near-duplicates were removed only against DINOv2's own benchmarks. Incidental web CXR images cannot be excluded.",https://arxiv.org/abs/2304.07193v2 Sec.3 p5; Table 15 p30
DINOv2 LVD-142M (natural-image control),CheXpert test (668 img / 500 pts),N,"LVD-142M was built by retrieval from 1.2B web images using the curated sets in Table 15 (ImageNet-22k/1k, Google Landmarks, fine-grained, segmentation, depth, retrieval sets); no medical dataset. Near-duplicates were removed only against DINOv2's own benchmarks. Incidental web CXR images cannot be excluded.",https://arxiv.org/abs/2304.07193v2 Sec.3 p5; Table 15 p30
DINOv2 LVD-142M (natural-image control),"MIMIC-CXR official test (5,159 img)",N,"LVD-142M was built by retrieval from 1.2B web images using the curated sets in Table 15 (ImageNet-22k/1k, Google Landmarks, fine-grained, segmentation, depth, retrieval sets); no medical dataset. Near-duplicates were removed only against DINOv2's own benchmarks. Incidental web CXR images cannot be excluded.",https://arxiv.org/abs/2304.07193v2 Sec.3 p5; Table 15 p30
DINOv2 LVD-142M (natural-image control),MS-CXR (MIMIC-derived),N,"LVD-142M was built by retrieval from 1.2B web images using the curated sets in Table 15 (ImageNet-22k/1k, Google Landmarks, fine-grained, segmentation, depth, retrieval sets); no medical dataset. Near-duplicates were removed only against DINOv2's own benchmarks. Incidental web CXR images cannot be excluded.",https://arxiv.org/abs/2304.07193v2 Sec.3 p5; Table 15 p30
DINOv2 LVD-142M (natural-image control),"VinDr-CXR test (3,000 img)",N,"LVD-142M was built by retrieval from 1.2B web images using the curated sets in Table 15 (ImageNet-22k/1k, Google Landmarks, fine-grained, segmentation, depth, retrieval sets); no medical dataset. Near-duplicates were removed only against DINOv2's own benchmarks. Incidental web CXR images cannot be excluded.",https://arxiv.org/abs/2304.07193v2 Sec.3 p5; Table 15 p30
DINOv2 LVD-142M (natural-image control),PadChest (no official split),N,"LVD-142M was built by retrieval from 1.2B web images using the curated sets in Table 15 (ImageNet-22k/1k, Google Landmarks, fine-grained, segmentation, depth, retrieval sets); no medical dataset. Near-duplicates were removed only against DINOv2's own benchmarks. Incidental web CXR images cannot be excluded.",https://arxiv.org/abs/2304.07193v2 Sec.3 p5; Table 15 p30
