run,step,arm,dose,adjusted_delta,lo95,hi95
1,6356,E3,3,-0.00014327350571130548,-0.009650868014184192,0.009283818565020035
1,6356,E15,15,-0.0035928335883497198,-0.01267502710853613,0.0055399346703153655
1,6356,E100,100,0.00027944531242884985,-0.010231857530063577,0.0108239871579105
1,6356,E500,500,-0.011790457175710811,-0.036523127312066764,0.013431426528663502
1,18160,E3,3,0.004870772641245247,-0.004294210419741248,0.014175903682996642
1,18160,E15,15,-0.0018141413761295633,-0.011313148304928008,0.007963436512476076
1,18160,E100,100,0.002831166267339924,-0.008575190653170788,0.014000382177331001
1,18160,E500,500,-0.04201555319712369,-0.0699477187497656,-0.007591519288879472
2,6360,H_a,100,-0.004646275877045358,-0.015941249570152333,0.006263317096903773
2,6360,E3,3,-0.003162960968207229,-0.012333511959538527,0.0074085358347396
2,6360,E15,15,-0.00712657666964478,-0.016520265328302808,0.0028122682531125805
2,6360,E500,500,-0.020915531999973758,-0.04547870921445474,0.004841700674351619
2,18171,H_a,100,-0.00882046687987148,-0.02104982155077801,0.0030462978861362723
2,18171,E3,3,-0.0033178939345132052,-0.012659487932768406,0.006437011939502483
2,18171,E15,15,-0.007246786471148292,-0.016962418936626287,0.0026436560789619454
2,18171,E500,500,-0.03793804820233504,-0.05946844222239549,-0.01663575231225377
