run,step,arm,dose,held_out,kind,delta,lo95,hi95,lo90,hi90,p_boot,equivalent_0.005
1,6356,E3,3,H_a+H_b,probe,-0.001768960642316797,-0.012953523695387626,0.009488771695847012,-0.011318911922976587,0.007734677129869399,0.7574,False
1,6356,E3,3,H_a+H_b,knn,-0.0035105646226182285,-0.016643693598609365,0.010213725009924767,-0.014436482820560047,0.00807421337344188,0.6162,False
1,6356,E15,15,H_a+H_b,probe,-0.004192792503654674,-0.01542829270937363,0.007337038444137664,-0.013650652154846366,0.005391096578932571,0.477,False
1,6356,E15,15,H_a+H_b,knn,-0.005355635077590737,-0.019191201075572872,0.008768016766566418,-0.01727794276968093,0.006338546847736299,0.4644,False
1,6356,E100,100,H_a+H_b,probe,-0.008827140693152158,-0.021323995891321057,0.0035764371599426733,-0.019292213536572893,0.0015459703755422594,0.1674,False
1,6356,E100,100,H_a+H_b,knn,-0.0073248571426803855,-0.022824160084958377,0.008054507570877764,-0.019831979469735816,0.005592365051517116,0.348,False
1,6356,E500,500,H_a+H_b,probe,-0.019138171807542625,-0.05627654022059917,0.018196937292421687,-0.04977248703570435,0.012151262041656324,0.3174,False
1,6356,E500,500,H_a+H_b,knn,-0.010630508344032896,-0.038714824113421885,0.01812260954833411,-0.03465974346844144,0.013847698069147776,0.4556,False
1,18160,E3,3,H_a+H_b,probe,0.0032450855046397553,-0.007905001214286516,0.014735802182332334,-0.00615592938201826,0.012867509876295665,0.5816,False
1,18160,E3,3,H_a+H_b,knn,0.00024478864648536103,-0.013034653475292715,0.01365290367841147,-0.010771740221637766,0.011646116232796815,0.967,False
1,18160,E15,15,H_a+H_b,probe,-0.0024141002914345178,-0.013958789636640084,0.00892643819375945,-0.012060273046132474,0.0070822776321076706,0.676,False
1,18160,E15,15,H_a+H_b,knn,0.00026001446127343897,-0.012871600763770231,0.013465992719769818,-0.010841656715145448,0.011383444175275427,0.9694,False
1,18160,E100,100,H_a+H_b,probe,-0.006275419738241084,-0.019022038153557595,0.0064385304917105235,-0.017067418697277938,0.004289805024930785,0.3354,False
1,18160,E100,100,H_a+H_b,knn,-0.004907113597357848,-0.020068984422522387,0.010453576911081614,-0.017779850132453305,0.008076256609614892,0.537,False
1,18160,E500,500,H_a+H_b,probe,-0.049363267828955504,-0.08573656233928133,-0.0088881450399764,-0.07985546459778246,-0.015586142225039496,0.0166,False
1,18160,E500,500,H_a+H_b,knn,-0.017901712364320588,-0.05170460299015134,0.016918422762291094,-0.046634883485151775,0.01144903427603982,0.3188,False
2,6360,H_a,100,H_b+E100,probe,-0.00292062455797526,-0.01590659756854765,0.009793924343813758,-0.013850706888027952,0.007827458631639576,0.6604,False
2,6360,H_a,100,H_b+E100,knn,0.0039016510487013267,-0.010544066121373045,0.0181268004485077,-0.008338652057201796,0.01577011184416277,0.609,False
2,6360,E3,3,H_b+E100,probe,-0.0011717810919408267,-0.013192074124077104,0.010626530013347157,-0.011172988431772507,0.008728588045585788,0.8512,False
2,6360,E3,3,H_b+E100,knn,-0.0026314861861388428,-0.016361709945876966,0.010704460025611642,-0.01397257866297169,0.008600413046736045,0.692,False
2,6360,E15,15,H_b+E100,probe,-0.00410966857207784,-0.015611457292208749,0.007245607456661188,-0.013613142735662258,0.005419817471781505,0.4796,False
2,6360,E15,15,H_b+E100,knn,-0.005748226547155122,-0.01989363397567035,0.008187213900901866,-0.01770558600492538,0.005966337936480126,0.431,False
2,6360,E500,500,H_b+E100,probe,-0.024646379618933678,-0.059109982849173244,0.009480825345081283,-0.053430987445553885,0.004100372971318075,0.164,False
2,6360,E500,500,H_b+E100,knn,-0.0021151454277348325,-0.034227870634069985,0.03183962291910258,-0.02941365717142829,0.026185273785116307,0.9116,False
2,18171,H_a,100,H_b+E100,probe,-0.007094815560801382,-0.020691619201710813,0.00631603915078131,-0.018507926780593358,0.004084236780481254,0.3092,False
2,18171,H_a,100,H_b+E100,knn,0.002585874410403033,-0.012580056193663171,0.01707762843366745,-0.009997644609245394,0.014685922602838287,0.749,False
2,18171,E3,3,H_b+E100,probe,-0.0013267140582468029,-0.012620828777006599,0.010030530151411613,-0.010862266310583228,0.008093405595474999,0.817,False
2,18171,E3,3,H_b+E100,knn,-0.0021776820134326025,-0.015928838087126855,0.011639543776632273,-0.013791512539538387,0.00952952665958152,0.7564,False
2,18171,E15,15,H_b+E100,probe,-0.004229878373581353,-0.015442330368966823,0.006828896543325781,-0.01363856814286148,0.005085866743653966,0.4658,False
2,18171,E15,15,H_b+E100,knn,-0.004370349581649058,-0.018801039428779046,0.009839893456059571,-0.016213292490412683,0.00751683365110847,0.544,False
2,18171,E500,500,H_b+E100,probe,-0.04166889582129496,-0.06922337897128808,-0.012482244433368237,-0.06489546809803447,-0.017229065131825705,0.0056,False
2,18171,E500,500,H_b+E100,knn,-0.012162105609107798,-0.045397239435852034,0.02075250375052246,-0.04014467680282508,0.015485275846857906,0.465,False
