test,p,p_holm
delta_probe_run1_step6356_E3,0.48,1.0
delta_knn_run1_step6356_E3,0.73,1.0
delta_probe_run1_step6356_E15,0.84,1.0
delta_knn_run1_step6356_E15,0.37,1.0
delta_probe_run1_step6356_E100,0.07,1.0
delta_knn_run1_step6356_E100,0.62,1.0
delta_probe_run1_step6356_E500,0.04,0.68
delta_knn_run1_step6356_E500,0.17,1.0
delta_probe_run1_step18160_E3,0.78,1.0
delta_knn_run1_step18160_E3,0.61,1.0
delta_probe_run1_step18160_E15,0.77,1.0
delta_knn_run1_step18160_E15,0.77,1.0
delta_probe_run1_step18160_E100,0.19,1.0
delta_knn_run1_step18160_E100,0.75,1.0
delta_probe_run1_step18160_E500,0.0,0.0
delta_knn_run1_step18160_E500,0.42,1.0
mia_inv_run1_step6356_E3,3.289116648375057e-05,0.0006907144961587619
mia_inv_run1_step6356_E15,0.0037611175794154406,0.07146123400889337
mia_inv_run1_step6356_E100,1.8851462755264947e-06,4.712865688816237e-05
mia_inv_run1_step6356_E500,0.006846239324659109,0.12323230784386396
mia_dino_ce_run1_step6356_E3,0.13940028846263885,1.0
mia_dino_ce_run1_step6356_E15,1.1822872693301179e-05,0.0002837489446392283
mia_dino_ce_run1_step6356_E100,6.193642588861147e-31,1.734219924881121e-29
mia_dino_ce_run1_step6356_E500,0.0,0.0
mia_inv_run1_step18160_E3,2.184303775720764e-05,0.00048054683065856807
mia_inv_run1_step18160_E15,0.000449238606961444,0.00898477213922888
mia_inv_run1_step18160_E100,1.7495745963103104e-09,4.548893950406807e-08
mia_inv_run1_step18160_E500,1.2733813491649926e-05,0.0002928777103079483
mia_dino_ce_run1_step18160_E3,0.07479121536016464,1.0
mia_dino_ce_run1_step18160_E15,1.677515903963922e-09,4.5292929407025895e-08
mia_dino_ce_run1_step18160_E100,0.0,0.0
mia_dino_ce_run1_step18160_E500,0.0,0.0
