run,step,arm,dose,score,reference,mia_auc,tpr_at_1pct_fpr,p_mwu
1,6356,E3,3,inv,step0,0.5235187083333332,0.012166666666666666,3.289116648375057e-05
1,6356,E15,15,inv,step0,0.5157497917013831,0.012497917013831027,0.0037611175794154406
1,6356,E100,100,inv,partner_run,0.5822555541687469,0.029206190713929107,1.6209275599625143e-37
1,6356,E500,500,inv,step0,0.5335527613412229,0.009861932938856016,0.006846239324659109
1,6356,E3,3,dino_ce,step0,0.5063820833333333,0.008666666666666666,0.13940028846263885
1,6356,E15,15,dino_ce,step0,0.524910306615564,0.009331778036993834,1.1822872693301179e-05
1,6356,E100,100,dino_ce,partner_run,0.581221542685971,0.020219670494258612,1.2491970000103647e-36
1,6356,E500,500,dino_ce,step0,0.7242179487179488,0.0631163708086785,0.0
1,18160,E3,3,inv,step0,0.5240845208333333,0.012166666666666666,2.184303775720764e-05
1,18160,E15,15,inv,step0,0.5195666347275454,0.012664555907348775,0.000449238606961444
1,18160,E100,100,inv,partner_run,0.6512027895656515,0.03394907638542187,0.0
1,18160,E500,500,inv,step0,0.5573079388560158,0.007889546351084813,1.2733813491649926e-05
1,18160,E3,3,dino_ce,step0,0.508491625,0.011666666666666667,0.07479121536016464
1,18160,E15,15,dino_ce,step0,0.5348444425929011,0.012664555907348775,1.677515903963922e-09
1,18160,E100,100,dino_ce,partner_run,0.6069854593110335,0.040439340988517224,0.0
1,18160,E500,500,dino_ce,step0,0.7752214003944773,0.1203155818540434,0.0
2,6360,H_a,100,inv,partner_run,0.5793899202591577,0.02865686518813855,4.089704984657164e-35
2,6360,E3,3,inv,step0,0.5234926875,0.014,3.350857150508091e-05
2,6360,E15,15,inv,step0,0.5163773121146475,0.013664389268455257,0.0027239834889769554
2,6360,E500,500,inv,step0,0.5396829388560157,0.007889546351084813,0.0017748052487149835
2,6360,H_a,100,dino_ce,partner_run,0.5867853227012211,0.02442063294293546,1.443197288408129e-41
2,6360,E3,3,dino_ce,step0,0.5027183958333333,0.010833333333333334,0.32229533791542053
2,6360,E15,15,dino_ce,step0,0.5170124145975671,0.008831861356440594,0.0019442698685452342
2,6360,E500,500,dino_ce,step0,0.7157157297830374,0.0631163708086785,0.0
2,18171,H_a,100,inv,partner_run,0.6351540306503862,0.04011961126339397,0.0
2,18171,E3,3,inv,step0,0.5248268541666666,0.011333333333333334,1.2597881323017646e-05
2,18171,E15,15,inv,step0,0.5209483836027329,0.012831194800866523,0.00018898744019679725
2,18171,E500,500,inv,step0,0.5525249013806707,0.007889546351084813,5.688240344170481e-05
2,18171,H_a,100,dino_ce,partner_run,0.6062442063294294,0.03089957637677548,0.0
2,18171,E3,3,dino_ce,step0,0.5039759583333334,0.010666666666666666,0.24993379414081573
2,18171,E15,15,dino_ce,step0,0.5270199758373604,0.01016497250458257,2.2659617116005393e-06
2,18171,E500,500,dino_ce,step0,0.7797120315581856,0.08678500986193294,0.0
