path,member,patient,head_score
data/chexlocalize/CheXpert/val/patient64541/study1/view1_frontal.jpg,1.0,64541,-0.06561081856489182
data/chexlocalize/CheXpert/val/patient64542/study1/view1_frontal.jpg,1.0,64542,-0.020381897687911987
data/chexlocalize/CheXpert/val/patient64543/study1/view1_frontal.jpg,1.0,64543,-0.3331606388092041
data/chexlocalize/CheXpert/val/patient64544/study1/view1_frontal.jpg,1.0,64544,-0.002046124078333378
data/chexlocalize/CheXpert/val/patient64545/study1/view1_frontal.jpg,1.0,64545,-0.24662406742572784
data/chexlocalize/CheXpert/val/patient64546/study1/view1_frontal.jpg,1.0,64546,-0.8935738801956177
data/chexlocalize/CheXpert/val/patient64547/study1/view1_frontal.jpg,1.0,64547,-0.43921607732772827
data/chexlocalize/CheXpert/val/patient64547/study1/view2_frontal.jpg,1.0,64547,-0.19774706661701202
data/chexlocalize/CheXpert/val/patient64548/study1/view1_frontal.jpg,1.0,64548,-0.17926830053329468
data/chexlocalize/CheXpert/val/patient64549/study1/view1_frontal.jpg,1.0,64549,-0.29367780685424805
data/chexlocalize/CheXpert/val/patient64550/study1/view1_frontal.jpg,1.0,64550,-0.0077081602066755295
data/chexlocalize/CheXpert/val/patient64551/study1/view1_frontal.jpg,1.0,64551,-0.11068650335073471
data/chexlocalize/CheXpert/val/patient64552/study1/view1_frontal.jpg,1.0,64552,-0.6194555759429932
data/chexlocalize/CheXpert/val/patient64553/study1/view1_frontal.jpg,1.0,64553,-0.03986280411481857
data/chexlocalize/CheXpert/val/patient64554/study1/view1_frontal.jpg,1.0,64554,-0.04277627915143967
data/chexlocalize/CheXpert/val/patient64555/study1/view1_frontal.jpg,1.0,64555,-0.009943877346813679
data/chexlocalize/CheXpert/val/patient64556/study1/view1_frontal.jpg,1.0,64556,-0.32022714614868164
data/chexlocalize/CheXpert/val/patient64557/study1/view1_frontal.jpg,1.0,64557,-0.09639648348093033
data/chexlocalize/CheXpert/val/patient64558/study1/view1_frontal.jpg,1.0,64558,-0.42081883549690247
data/chexlocalize/CheXpert/val/patient64559/study1/view1_frontal.jpg,1.0,64559,-0.09828174859285355
data/chexlocalize/CheXpert/val/patient64560/study1/view1_frontal.jpg,1.0,64560,-0.0010857782326638699
data/chexlocalize/CheXpert/val/patient64561/study1/view1_frontal.jpg,1.0,64561,-0.01111148577183485
data/chexlocalize/CheXpert/val/patient64562/study1/view1_frontal.jpg,1.0,64562,-0.9319942593574524
data/chexlocalize/CheXpert/val/patient64563/study1/view1_frontal.jpg,1.0,64563,-0.006834416650235653
data/chexlocalize/CheXpert/val/patient64564/study1/view1_frontal.jpg,1.0,64564,-0.00398286385461688
data/chexlocalize/CheXpert/val/patient64565/study1/view1_frontal.jpg,1.0,64565,-0.21133415400981903
data/chexlocalize/CheXpert/val/patient64566/study1/view1_frontal.jpg,1.0,64566,-0.0012514706468209624
data/chexlocalize/CheXpert/val/patient64567/study1/view1_frontal.jpg,1.0,64567,-0.03138124197721481
data/chexlocalize/CheXpert/val/patient64568/study1/view1_frontal.jpg,1.0,64568,-1.4337952136993408
data/chexlocalize/CheXpert/val/patient64569/study1/view1_frontal.jpg,1.0,64569,-1.0553865432739258
data/chexlocalize/CheXpert/val/patient64570/study1/view1_frontal.jpg,1.0,64570,-0.06393681466579437
data/chexlocalize/CheXpert/val/patient64571/study1/view1_frontal.jpg,1.0,64571,-0.30968350172042847
data/chexlocalize/CheXpert/val/patient64572/study1/view1_frontal.jpg,1.0,64572,-0.37649017572402954
data/chexlocalize/CheXpert/val/patient64573/study1/view1_frontal.jpg,1.0,64573,-0.7765069603919983
data/chexlocalize/CheXpert/val/patient64574/study1/view1_frontal.jpg,1.0,64574,-1.6417165994644165
data/chexlocalize/CheXpert/val/patient64575/study1/view1_frontal.jpg,1.0,64575,-0.09928043931722641
data/chexlocalize/CheXpert/val/patient64576/study1/view1_frontal.jpg,1.0,64576,-0.38756152987480164
data/chexlocalize/CheXpert/val/patient64577/study1/view1_frontal.jpg,1.0,64577,-0.01403446588665247
data/chexlocalize/CheXpert/val/patient64578/study1/view1_frontal.jpg,1.0,64578,-0.07025112211704254
data/chexlocalize/CheXpert/val/patient64579/study1/view1_frontal.jpg,1.0,64579,-0.2431095838546753
data/chexlocalize/CheXpert/val/patient64580/study1/view1_frontal.jpg,1.0,64580,-1.3216357231140137
data/chexlocalize/CheXpert/val/patient64581/study1/view1_frontal.jpg,1.0,64581,-0.10496696084737778
data/chexlocalize/CheXpert/val/patient64581/study1/view2_frontal.jpg,1.0,64581,-0.32782235741615295
data/chexlocalize/CheXpert/val/patient64582/study1/view1_frontal.jpg,1.0,64582,-2.0282487869262695
data/chexlocalize/CheXpert/val/patient64583/study1/view1_frontal.jpg,1.0,64583,-0.11077918857336044
data/chexlocalize/CheXpert/val/patient64584/study1/view1_frontal.jpg,1.0,64584,-0.3188193738460541
data/chexlocalize/CheXpert/val/patient64585/study1/view1_frontal.jpg,1.0,64585,-0.05621799826622009
data/chexlocalize/CheXpert/val/patient64586/study1/view1_frontal.jpg,1.0,64586,-0.011726378463208675
data/chexlocalize/CheXpert/val/patient64587/study1/view1_frontal.jpg,1.0,64587,-0.08309342712163925
data/chexlocalize/CheXpert/val/patient64588/study1/view1_frontal.jpg,1.0,64588,-0.03071512281894684
data/chexlocalize/CheXpert/val/patient64589/study1/view1_frontal.jpg,1.0,64589,-0.03903215378522873
data/chexlocalize/CheXpert/val/patient64590/study1/view1_frontal.jpg,1.0,64590,-0.034507568925619125
data/chexlocalize/CheXpert/val/patient64591/study1/view1_frontal.jpg,1.0,64591,-0.007907010614871979
data/chexlocalize/CheXpert/val/patient64592/study1/view1_frontal.jpg,1.0,64592,-1.0494379997253418
data/chexlocalize/CheXpert/val/patient64593/study1/view1_frontal.jpg,1.0,64593,-0.0077093904837965965
data/chexlocalize/CheXpert/val/patient64594/study1/view1_frontal.jpg,1.0,64594,-0.13892902433872223
data/chexlocalize/CheXpert/val/patient64595/study1/view1_frontal.jpg,1.0,64595,-0.5191560387611389
data/chexlocalize/CheXpert/val/patient64596/study1/view1_frontal.jpg,1.0,64596,-0.021204430609941483
data/chexlocalize/CheXpert/val/patient64597/study1/view1_frontal.jpg,1.0,64597,-0.13312244415283203
data/chexlocalize/CheXpert/val/patient64598/study1/view1_frontal.jpg,1.0,64598,-0.7328055500984192
data/chexlocalize/CheXpert/val/patient64599/study1/view1_frontal.jpg,1.0,64599,-0.03408433496952057
data/chexlocalize/CheXpert/val/patient64600/study1/view1_frontal.jpg,1.0,64600,-0.010729429312050343
data/chexlocalize/CheXpert/val/patient64601/study1/view1_frontal.jpg,1.0,64601,-0.23393666744232178
data/chexlocalize/CheXpert/val/patient64602/study1/view1_frontal.jpg,1.0,64602,-0.12268770486116409
data/chexlocalize/CheXpert/val/patient64603/study1/view1_frontal.jpg,1.0,64603,-0.7298506498336792
data/chexlocalize/CheXpert/val/patient64604/study1/view1_frontal.jpg,1.0,64604,-0.9726563096046448
data/chexlocalize/CheXpert/val/patient64605/study1/view1_frontal.jpg,1.0,64605,-0.634544849395752
data/chexlocalize/CheXpert/val/patient64606/study1/view1_frontal.jpg,1.0,64606,-0.5381995439529419
data/chexlocalize/CheXpert/val/patient64607/study1/view1_frontal.jpg,1.0,64607,-0.9333856105804443
data/chexlocalize/CheXpert/val/patient64608/study1/view1_frontal.jpg,1.0,64608,-0.003224278800189495
data/chexlocalize/CheXpert/val/patient64609/study1/view1_frontal.jpg,1.0,64609,-0.0012793921632692218
data/chexlocalize/CheXpert/val/patient64610/study1/view1_frontal.jpg,1.0,64610,-1.2652310132980347
data/chexlocalize/CheXpert/val/patient64611/study1/view1_frontal.jpg,1.0,64611,-0.9822046756744385
data/chexlocalize/CheXpert/val/patient64612/study1/view1_frontal.jpg,1.0,64612,-0.6804136037826538
data/chexlocalize/CheXpert/val/patient64613/study1/view1_frontal.jpg,1.0,64613,-0.003860227297991514
data/chexlocalize/CheXpert/val/patient64614/study1/view1_frontal.jpg,1.0,64614,-0.005257712211459875
data/chexlocalize/CheXpert/val/patient64615/study1/view1_frontal.jpg,1.0,64615,-0.3132178485393524
data/chexlocalize/CheXpert/val/patient64616/study1/view1_frontal.jpg,1.0,64616,-0.12568627297878265
data/chexlocalize/CheXpert/val/patient64617/study1/view1_frontal.jpg,1.0,64617,-0.8546555638313293
data/chexlocalize/CheXpert/val/patient64618/study1/view1_frontal.jpg,1.0,64618,-0.39848145842552185
data/chexlocalize/CheXpert/val/patient64619/study1/view1_frontal.jpg,1.0,64619,-0.03180266544222832
data/chexlocalize/CheXpert/val/patient64620/study1/view1_frontal.jpg,1.0,64620,-0.7076641917228699
data/chexlocalize/CheXpert/val/patient64621/study1/view1_frontal.jpg,1.0,64621,-1.914210319519043
data/chexlocalize/CheXpert/val/patient64622/study1/view1_frontal.jpg,1.0,64622,-0.6420941352844238
data/chexlocalize/CheXpert/val/patient64623/study1/view1_frontal.jpg,1.0,64623,-0.2888612151145935
data/chexlocalize/CheXpert/val/patient64624/study1/view1_frontal.jpg,1.0,64624,-0.20252682268619537
data/chexlocalize/CheXpert/val/patient64625/study1/view1_frontal.jpg,1.0,64625,-0.5277276635169983
data/chexlocalize/CheXpert/val/patient64626/study1/view1_frontal.jpg,1.0,64626,-1.442827820777893
data/chexlocalize/CheXpert/val/patient64627/study1/view1_frontal.jpg,1.0,64627,-0.0753014013171196
data/chexlocalize/CheXpert/val/patient64628/study1/view1_frontal.jpg,1.0,64628,-0.7508075833320618
data/chexlocalize/CheXpert/val/patient64629/study1/view1_frontal.jpg,1.0,64629,-0.006466208957135677
data/chexlocalize/CheXpert/val/patient64630/study1/view1_frontal.jpg,1.0,64630,-0.9625207781791687
data/chexlocalize/CheXpert/val/patient64631/study1/view1_frontal.jpg,1.0,64631,-0.9500508904457092
data/chexlocalize/CheXpert/val/patient64632/study1/view1_frontal.jpg,1.0,64632,-0.0059717376716434956
data/chexlocalize/CheXpert/val/patient64633/study1/view1_frontal.jpg,1.0,64633,-0.0004953515017405152
data/chexlocalize/CheXpert/val/patient64634/study1/view1_frontal.jpg,1.0,64634,-0.054171811789274216
data/chexlocalize/CheXpert/val/patient64635/study1/view1_frontal.jpg,1.0,64635,-0.693659245967865
data/chexlocalize/CheXpert/val/patient64636/study1/view1_frontal.jpg,1.0,64636,-0.7252476811408997
data/chexlocalize/CheXpert/val/patient64637/study1/view1_frontal.jpg,1.0,64637,-0.001324987388215959
data/chexlocalize/CheXpert/val/patient64638/study1/view1_frontal.jpg,1.0,64638,-0.01345629058778286
data/chexlocalize/CheXpert/val/patient64639/study1/view1_frontal.jpg,1.0,64639,-0.2908562421798706
data/chexlocalize/CheXpert/val/patient64640/study1/view1_frontal.jpg,1.0,64640,-0.0006535350112244487
data/chexlocalize/CheXpert/val/patient64641/study1/view1_frontal.jpg,1.0,64641,-0.7621938586235046
data/chexlocalize/CheXpert/val/patient64642/study1/view1_frontal.jpg,1.0,64642,-0.8532731533050537
data/chexlocalize/CheXpert/val/patient64643/study1/view1_frontal.jpg,1.0,64643,-1.561471700668335
data/chexlocalize/CheXpert/val/patient64644/study1/view1_frontal.jpg,1.0,64644,-1.141040563583374
data/chexlocalize/CheXpert/val/patient64645/study1/view1_frontal.jpg,1.0,64645,-0.08416424691677094
data/chexlocalize/CheXpert/val/patient64646/study1/view1_frontal.jpg,1.0,64646,-0.36944887042045593
data/chexlocalize/CheXpert/val/patient64647/study1/view1_frontal.jpg,1.0,64647,-0.062207210808992386
data/chexlocalize/CheXpert/val/patient64648/study1/view1_frontal.jpg,1.0,64648,-2.525956869125366
data/chexlocalize/CheXpert/val/patient64649/study1/view1_frontal.jpg,1.0,64649,-0.01231811661273241
data/chexlocalize/CheXpert/val/patient64650/study1/view1_frontal.jpg,1.0,64650,-0.2555978000164032
data/chexlocalize/CheXpert/val/patient64651/study1/view1_frontal.jpg,1.0,64651,-0.0024642960634082556
data/chexlocalize/CheXpert/val/patient64652/study1/view1_frontal.jpg,1.0,64652,-0.012294878251850605
data/chexlocalize/CheXpert/val/patient64653/study1/view1_frontal.jpg,1.0,64653,-0.0012149297399446368
data/chexlocalize/CheXpert/val/patient64654/study1/view1_frontal.jpg,1.0,64654,-0.20725198090076447
data/chexlocalize/CheXpert/val/patient64655/study1/view1_frontal.jpg,1.0,64655,-0.04988330975174904
data/chexlocalize/CheXpert/val/patient64656/study1/view1_frontal.jpg,1.0,64656,-0.8890305161476135
data/chexlocalize/CheXpert/val/patient64657/study1/view1_frontal.jpg,1.0,64657,-1.706228494644165
data/chexlocalize/CheXpert/val/patient64658/study1/view1_frontal.jpg,1.0,64658,-0.1751915067434311
data/chexlocalize/CheXpert/val/patient64659/study1/view1_frontal.jpg,1.0,64659,-0.009121611714363098
data/chexlocalize/CheXpert/val/patient64660/study1/view1_frontal.jpg,1.0,64660,-1.31646728515625
data/chexlocalize/CheXpert/val/patient64661/study1/view1_frontal.jpg,1.0,64661,-0.5901116132736206
data/chexlocalize/CheXpert/val/patient64662/study1/view1_frontal.jpg,1.0,64662,-0.007928719744086266
data/chexlocalize/CheXpert/val/patient64663/study1/view1_frontal.jpg,1.0,64663,-0.006745069287717342
data/chexlocalize/CheXpert/val/patient64664/study1/view1_frontal.jpg,1.0,64664,-0.09381876140832901
data/chexlocalize/CheXpert/val/patient64665/study1/view1_frontal.jpg,1.0,64665,-1.4484795331954956
data/chexlocalize/CheXpert/val/patient64666/study1/view1_frontal.jpg,1.0,64666,-0.017748456448316574
data/chexlocalize/CheXpert/val/patient64667/study1/view1_frontal.jpg,1.0,64667,-0.02323363907635212
data/chexlocalize/CheXpert/val/patient64668/study1/view1_frontal.jpg,1.0,64668,-0.4966267943382263
data/chexlocalize/CheXpert/val/patient64669/study1/view1_frontal.jpg,1.0,64669,-0.43804454803466797
data/chexlocalize/CheXpert/val/patient64670/study1/view1_frontal.jpg,1.0,64670,-0.054190799593925476
data/chexlocalize/CheXpert/val/patient64671/study1/view1_frontal.jpg,1.0,64671,-0.1765027642250061
data/chexlocalize/CheXpert/val/patient64672/study1/view1_frontal.jpg,1.0,64672,-0.5724833011627197
data/chexlocalize/CheXpert/val/patient64673/study1/view1_frontal.jpg,1.0,64673,-0.6779890656471252
data/chexlocalize/CheXpert/val/patient64674/study1/view1_frontal.jpg,1.0,64674,-0.3006061613559723
data/chexlocalize/CheXpert/val/patient64675/study1/view1_frontal.jpg,1.0,64675,-0.6797193884849548
data/chexlocalize/CheXpert/val/patient64676/study1/view1_frontal.jpg,1.0,64676,-0.5694397687911987
data/chexlocalize/CheXpert/val/patient64677/study1/view1_frontal.jpg,1.0,64677,-0.5894068479537964
data/chexlocalize/CheXpert/val/patient64678/study1/view1_frontal.jpg,1.0,64678,-0.24080505967140198
data/chexlocalize/CheXpert/val/patient64679/study1/view1_frontal.jpg,1.0,64679,-0.24531430006027222
data/chexlocalize/CheXpert/val/patient64680/study1/view1_frontal.jpg,1.0,64680,-0.24464842677116394
data/chexlocalize/CheXpert/val/patient64681/study1/view1_frontal.jpg,1.0,64681,-1.0852707624435425
data/chexlocalize/CheXpert/val/patient64682/study1/view1_frontal.jpg,1.0,64682,-0.07915811240673065
data/chexlocalize/CheXpert/val/patient64683/study1/view1_frontal.jpg,1.0,64683,-0.35515493154525757
data/chexlocalize/CheXpert/val/patient64684/study1/view1_frontal.jpg,1.0,64684,-0.004294604063034058
data/chexlocalize/CheXpert/val/patient64685/study1/view1_frontal.jpg,1.0,64685,-0.1011534109711647
data/chexlocalize/CheXpert/val/patient64686/study1/view1_frontal.jpg,1.0,64686,-0.6555505990982056
data/chexlocalize/CheXpert/val/patient64687/study1/view1_frontal.jpg,1.0,64687,-0.05346466600894928
data/chexlocalize/CheXpert/val/patient64688/study1/view1_frontal.jpg,1.0,64688,-2.2371599674224854
data/chexlocalize/CheXpert/val/patient64689/study1/view1_frontal.jpg,1.0,64689,-0.019654221832752228
data/chexlocalize/CheXpert/val/patient64690/study1/view1_frontal.jpg,1.0,64690,-0.6982546448707581
data/chexlocalize/CheXpert/val/patient64691/study1/view1_frontal.jpg,1.0,64691,-0.11012617498636246
data/chexlocalize/CheXpert/val/patient64692/study1/view1_frontal.jpg,1.0,64692,-0.08473687618970871
data/chexlocalize/CheXpert/val/patient64693/study1/view1_frontal.jpg,1.0,64693,-0.26082760095596313
data/chexlocalize/CheXpert/val/patient64694/study1/view1_frontal.jpg,1.0,64694,-1.8522120714187622
data/chexlocalize/CheXpert/val/patient64695/study1/view1_frontal.jpg,1.0,64695,-0.13277094066143036
data/chexlocalize/CheXpert/val/patient64696/study1/view1_frontal.jpg,1.0,64696,-0.1813015192747116
data/chexlocalize/CheXpert/val/patient64697/study1/view1_frontal.jpg,1.0,64697,-0.15670007467269897
data/chexlocalize/CheXpert/val/patient64698/study1/view1_frontal.jpg,1.0,64698,-0.9320801496505737
data/chexlocalize/CheXpert/val/patient64699/study1/view1_frontal.jpg,1.0,64699,-0.5686038732528687
data/chexlocalize/CheXpert/val/patient64700/study1/view1_frontal.jpg,1.0,64700,-0.004016697406768799
data/chexlocalize/CheXpert/val/patient64701/study1/view1_frontal.jpg,1.0,64701,-0.0017784483497962356
data/chexlocalize/CheXpert/val/patient64702/study1/view1_frontal.jpg,1.0,64702,-1.0149837732315063
data/chexlocalize/CheXpert/val/patient64703/study1/view1_frontal.jpg,1.0,64703,-0.008397651836276054
data/chexlocalize/CheXpert/val/patient64704/study1/view1_frontal.jpg,1.0,64704,-0.09461189061403275
data/chexlocalize/CheXpert/val/patient64705/study1/view1_frontal.jpg,1.0,64705,-0.034340955317020416
data/chexlocalize/CheXpert/val/patient64706/study1/view1_frontal.jpg,1.0,64706,-0.03794581815600395
data/chexlocalize/CheXpert/val/patient64707/study1/view1_frontal.jpg,1.0,64707,-0.8702361583709717
data/chexlocalize/CheXpert/val/patient64708/study1/view1_frontal.jpg,1.0,64708,-0.021228142082691193
data/chexlocalize/CheXpert/val/patient64709/study1/view1_frontal.jpg,1.0,64709,-0.3896048665046692
data/chexlocalize/CheXpert/val/patient64710/study1/view1_frontal.jpg,1.0,64710,-0.20135481655597687
data/chexlocalize/CheXpert/val/patient64711/study1/view1_frontal.jpg,1.0,64711,-0.8614907264709473
data/chexlocalize/CheXpert/val/patient64712/study1/view1_frontal.jpg,1.0,64712,-0.3304078280925751
data/chexlocalize/CheXpert/val/patient64713/study1/view1_frontal.jpg,1.0,64713,-0.014910779893398285
data/chexlocalize/CheXpert/val/patient64714/study1/view1_frontal.jpg,1.0,64714,-0.016531608998775482
data/chexlocalize/CheXpert/val/patient64715/study1/view1_frontal.jpg,1.0,64715,-0.7748034596443176
data/chexlocalize/CheXpert/val/patient64716/study1/view1_frontal.jpg,1.0,64716,-0.35142579674720764
data/chexlocalize/CheXpert/val/patient64717/study1/view1_frontal.jpg,1.0,64717,-0.09671350568532944
data/chexlocalize/CheXpert/val/patient64718/study1/view1_frontal.jpg,1.0,64718,-0.07877055555582047
data/chexlocalize/CheXpert/val/patient64719/study1/view1_frontal.jpg,1.0,64719,-0.01387852244079113
data/chexlocalize/CheXpert/val/patient64720/study1/view1_frontal.jpg,1.0,64720,-0.33935800194740295
data/chexlocalize/CheXpert/val/patient64721/study1/view1_frontal.jpg,1.0,64721,-0.7461627125740051
data/chexlocalize/CheXpert/val/patient64722/study1/view1_frontal.jpg,1.0,64722,-0.027913130819797516
data/chexlocalize/CheXpert/val/patient64723/study1/view1_frontal.jpg,1.0,64723,-0.09824910014867783
data/chexlocalize/CheXpert/val/patient64724/study1/view1_frontal.jpg,1.0,64724,-0.006950125098228455
data/chexlocalize/CheXpert/val/patient64725/study1/view1_frontal.jpg,1.0,64725,-0.0011461557587608695
data/chexlocalize/CheXpert/val/patient64726/study1/view1_frontal.jpg,1.0,64726,-0.26449063420295715
data/chexlocalize/CheXpert/val/patient64727/study1/view1_frontal.jpg,1.0,64727,-0.20863741636276245
data/chexlocalize/CheXpert/val/patient64728/study1/view1_frontal.jpg,1.0,64728,-0.16828492283821106
data/chexlocalize/CheXpert/val/patient64729/study1/view1_frontal.jpg,1.0,64729,-0.8217180967330933
data/chexlocalize/CheXpert/val/patient64730/study1/view1_frontal.jpg,1.0,64730,-0.001082930131815374
data/chexlocalize/CheXpert/val/patient64731/study1/view1_frontal.jpg,1.0,64731,-0.07053828239440918
data/chexlocalize/CheXpert/val/patient64732/study1/view1_frontal.jpg,1.0,64732,-0.06798583269119263
data/chexlocalize/CheXpert/val/patient64733/study1/view1_frontal.jpg,1.0,64733,-0.7921153903007507
data/chexlocalize/CheXpert/val/patient64734/study1/view1_frontal.jpg,1.0,64734,-0.01072647888213396
data/chexlocalize/CheXpert/val/patient64735/study1/view1_frontal.jpg,1.0,64735,-1.1241244077682495
data/chexlocalize/CheXpert/val/patient64736/study1/view1_frontal.jpg,1.0,64736,-0.37323614954948425
data/chexlocalize/CheXpert/val/patient64737/study1/view1_frontal.jpg,1.0,64737,-0.00575371365994215
data/chexlocalize/CheXpert/val/patient64738/study1/view1_frontal.jpg,1.0,64738,-0.003622188698500395
data/chexlocalize/CheXpert/val/patient64739/study1/view1_frontal.jpg,1.0,64739,-0.6486218571662903
data/chexlocalize/CheXpert/val/patient64740/study1/view1_frontal.jpg,1.0,64740,-0.3830367922782898
data/chexlocalize/CheXpert/test/patient64741/study1/view1_frontal.jpg,0.0,64741,-0.6533342599868774
data/chexlocalize/CheXpert/test/patient64742/study1/view1_frontal.jpg,0.0,64742,-0.807365357875824
data/chexlocalize/CheXpert/test/patient64743/study1/view1_frontal.jpg,0.0,64743,-0.3818384110927582
data/chexlocalize/CheXpert/test/patient64744/study1/view1_frontal.jpg,0.0,64744,-0.03712651878595352
data/chexlocalize/CheXpert/test/patient64745/study1/view1_frontal.jpg,0.0,64745,-0.047041360288858414
data/chexlocalize/CheXpert/test/patient64746/study1/view1_frontal.jpg,0.0,64746,-1.0978596210479736
data/chexlocalize/CheXpert/test/patient64747/study1/view1_frontal.jpg,0.0,64747,-0.878852367401123
data/chexlocalize/CheXpert/test/patient64748/study1/view1_frontal.jpg,0.0,64748,-0.5551502704620361
data/chexlocalize/CheXpert/test/patient64749/study1/view1_frontal.jpg,0.0,64749,-1.3736299276351929
data/chexlocalize/CheXpert/test/patient64750/study1/view1_frontal.jpg,0.0,64750,-0.6748560667037964
data/chexlocalize/CheXpert/test/patient64751/study1/view1_frontal.jpg,0.0,64751,-0.877486526966095
data/chexlocalize/CheXpert/test/patient64752/study1/view1_frontal.jpg,0.0,64752,-0.45675504207611084
data/chexlocalize/CheXpert/test/patient64753/study1/view1_frontal.jpg,0.0,64753,-1.7874009609222412
data/chexlocalize/CheXpert/test/patient64754/study1/view1_frontal.jpg,0.0,64754,-0.013794556260108948
data/chexlocalize/CheXpert/test/patient64755/study1/view1_frontal.jpg,0.0,64755,-1.1215587854385376
data/chexlocalize/CheXpert/test/patient64756/study1/view1_frontal.jpg,0.0,64756,-0.7899652719497681
data/chexlocalize/CheXpert/test/patient64757/study1/view1_frontal.jpg,0.0,64757,-2.256662368774414
data/chexlocalize/CheXpert/test/patient64758/study1/view1_frontal.jpg,0.0,64758,-1.57494056224823
data/chexlocalize/CheXpert/test/patient64759/study1/view1_frontal.jpg,0.0,64759,-0.2617950141429901
data/chexlocalize/CheXpert/test/patient64760/study1/view1_frontal.jpg,0.0,64760,-0.0033218415919691324
data/chexlocalize/CheXpert/test/patient64761/study1/view1_frontal.jpg,0.0,64761,-2.6630771160125732
data/chexlocalize/CheXpert/test/patient64762/study1/view1_frontal.jpg,0.0,64762,-0.1698543131351471
data/chexlocalize/CheXpert/test/patient64763/study1/view1_frontal.jpg,0.0,64763,-1.5931497812271118
data/chexlocalize/CheXpert/test/patient64764/study1/view1_frontal.jpg,0.0,64764,-0.022272294387221336
data/chexlocalize/CheXpert/test/patient64765/study1/view1_frontal.jpg,0.0,64765,-0.21010644733905792
data/chexlocalize/CheXpert/test/patient64766/study1/view1_frontal.jpg,0.0,64766,-0.09837952256202698
data/chexlocalize/CheXpert/test/patient64767/study1/view1_frontal.jpg,0.0,64767,-0.7917220592498779
data/chexlocalize/CheXpert/test/patient64768/study1/view1_frontal.jpg,0.0,64768,-1.5054335594177246
data/chexlocalize/CheXpert/test/patient64769/study1/view1_frontal.jpg,0.0,64769,-0.18908825516700745
data/chexlocalize/CheXpert/test/patient64770/study1/view1_frontal.jpg,0.0,64770,-0.07843809574842453
data/chexlocalize/CheXpert/test/patient64771/study1/view1_frontal.jpg,0.0,64771,-0.016726495698094368
data/chexlocalize/CheXpert/test/patient64772/study1/view1_frontal.jpg,0.0,64772,-0.0035162176936864853
data/chexlocalize/CheXpert/test/patient64773/study1/view1_frontal.jpg,0.0,64773,-0.008275534957647324
data/chexlocalize/CheXpert/test/patient64774/study1/view1_frontal.jpg,0.0,64774,-1.5139009952545166
data/chexlocalize/CheXpert/test/patient64775/study1/view1_frontal.jpg,0.0,64775,-0.5847890377044678
data/chexlocalize/CheXpert/test/patient64776/study1/view1_frontal.jpg,0.0,64776,-1.5421993732452393
data/chexlocalize/CheXpert/test/patient64777/study1/view1_frontal.jpg,0.0,64777,-1.5601372718811035
data/chexlocalize/CheXpert/test/patient64778/study1/view1_frontal.jpg,0.0,64778,-0.1480768322944641
data/chexlocalize/CheXpert/test/patient64779/study1/view1_frontal.jpg,0.0,64779,-1.3193278312683105
data/chexlocalize/CheXpert/test/patient64780/study1/view1_frontal.jpg,0.0,64780,-1.9819848537445068
data/chexlocalize/CheXpert/test/patient64781/study1/view1_frontal.jpg,0.0,64781,-1.3569363355636597
data/chexlocalize/CheXpert/test/patient64782/study1/view1_frontal.jpg,0.0,64782,-0.05223202332854271
data/chexlocalize/CheXpert/test/patient64783/study1/view1_frontal.jpg,0.0,64783,-1.941389799118042
data/chexlocalize/CheXpert/test/patient64784/study1/view1_frontal.jpg,0.0,64784,-0.1728004515171051
data/chexlocalize/CheXpert/test/patient64785/study1/view1_frontal.jpg,0.0,64785,-0.8232268691062927
data/chexlocalize/CheXpert/test/patient64786/study1/view1_frontal.jpg,0.0,64786,-0.7749723196029663
data/chexlocalize/CheXpert/test/patient64787/study1/view1_frontal.jpg,0.0,64787,-0.3068513870239258
data/chexlocalize/CheXpert/test/patient64788/study1/view1_frontal.jpg,0.0,64788,-2.263300657272339
data/chexlocalize/CheXpert/test/patient64789/study1/view1_frontal.jpg,0.0,64789,-1.106204867362976
data/chexlocalize/CheXpert/test/patient64790/study1/view1_frontal.jpg,0.0,64790,-2.0690958499908447
data/chexlocalize/CheXpert/test/patient64791/study1/view1_frontal.jpg,0.0,64791,-0.06351330131292343
data/chexlocalize/CheXpert/test/patient64791/study1/view2_frontal.jpg,0.0,64791,-0.13017156720161438
data/chexlocalize/CheXpert/test/patient64792/study1/view1_frontal.jpg,0.0,64792,-1.256242036819458
data/chexlocalize/CheXpert/test/patient64793/study1/view1_frontal.jpg,0.0,64793,-0.22808018326759338
data/chexlocalize/CheXpert/test/patient64794/study1/view1_frontal.jpg,0.0,64794,-0.0729227066040039
data/chexlocalize/CheXpert/test/patient64795/study1/view1_frontal.jpg,0.0,64795,-2.1925101280212402
data/chexlocalize/CheXpert/test/patient64796/study1/view1_frontal.jpg,0.0,64796,-0.01877976767718792
data/chexlocalize/CheXpert/test/patient64797/study1/view1_frontal.jpg,0.0,64797,-0.18870307505130768
data/chexlocalize/CheXpert/test/patient64798/study1/view1_frontal.jpg,0.0,64798,-1.5620166063308716
data/chexlocalize/CheXpert/test/patient64799/study1/view1_frontal.jpg,0.0,64799,-0.8097211718559265
data/chexlocalize/CheXpert/test/patient64800/study1/view1_frontal.jpg,0.0,64800,-0.4294564723968506
data/chexlocalize/CheXpert/test/patient64801/study1/view1_frontal.jpg,0.0,64801,-0.3065618872642517
data/chexlocalize/CheXpert/test/patient64802/study1/view1_frontal.jpg,0.0,64802,-1.7615177631378174
data/chexlocalize/CheXpert/test/patient64803/study1/view1_frontal.jpg,0.0,64803,-1.9140743017196655
data/chexlocalize/CheXpert/test/patient64804/study1/view1_frontal.jpg,0.0,64804,-0.19600017368793488
data/chexlocalize/CheXpert/test/patient64805/study1/view1_frontal.jpg,0.0,64805,-0.01300470158457756
data/chexlocalize/CheXpert/test/patient64806/study1/view1_frontal.jpg,0.0,64806,-0.6792700290679932
data/chexlocalize/CheXpert/test/patient64807/study1/view1_frontal.jpg,0.0,64807,-1.5613112449645996
data/chexlocalize/CheXpert/test/patient64808/study1/view1_frontal.jpg,0.0,64808,-0.8361029028892517
data/chexlocalize/CheXpert/test/patient64809/study1/view1_frontal.jpg,0.0,64809,-2.7601449489593506
data/chexlocalize/CheXpert/test/patient64809/study1/view2_frontal.jpg,0.0,64809,-2.4562859535217285
data/chexlocalize/CheXpert/test/patient64810/study1/view1_frontal.jpg,0.0,64810,-0.2608899474143982
data/chexlocalize/CheXpert/test/patient64811/study1/view1_frontal.jpg,0.0,64811,-1.9465346336364746
data/chexlocalize/CheXpert/test/patient64812/study1/view1_frontal.jpg,0.0,64812,-1.1103771924972534
data/chexlocalize/CheXpert/test/patient64812/study1/view2_frontal.jpg,0.0,64812,-0.5608353614807129
data/chexlocalize/CheXpert/test/patient64813/study1/view1_frontal.jpg,0.0,64813,-0.008874859660863876
data/chexlocalize/CheXpert/test/patient64814/study1/view1_frontal.jpg,0.0,64814,-0.2189323902130127
data/chexlocalize/CheXpert/test/patient64815/study1/view1_frontal.jpg,0.0,64815,-0.12873731553554535
data/chexlocalize/CheXpert/test/patient64816/study1/view1_frontal.jpg,0.0,64816,-1.7094340324401855
data/chexlocalize/CheXpert/test/patient64817/study1/view1_frontal.jpg,0.0,64817,-0.6005439758300781
data/chexlocalize/CheXpert/test/patient64818/study1/view1_frontal.jpg,0.0,64818,-1.0305380821228027
data/chexlocalize/CheXpert/test/patient64819/study1/view1_frontal.jpg,0.0,64819,-1.4847537279129028
data/chexlocalize/CheXpert/test/patient64820/study1/view1_frontal.jpg,0.0,64820,-1.6635407209396362
data/chexlocalize/CheXpert/test/patient64821/study1/view1_frontal.jpg,0.0,64821,-0.7107275128364563
data/chexlocalize/CheXpert/test/patient64822/study1/view1_frontal.jpg,0.0,64822,-0.4287518262863159
data/chexlocalize/CheXpert/test/patient64823/study1/view1_frontal.jpg,0.0,64823,-0.3489611744880676
data/chexlocalize/CheXpert/test/patient64824/study1/view1_frontal.jpg,0.0,64824,-0.05698903277516365
data/chexlocalize/CheXpert/test/patient64825/study1/view1_frontal.jpg,0.0,64825,-0.07874473184347153
data/chexlocalize/CheXpert/test/patient64826/study1/view1_frontal.jpg,0.0,64826,-0.5787461400032043
data/chexlocalize/CheXpert/test/patient64827/study1/view1_frontal.jpg,0.0,64827,-2.6356360912323
data/chexlocalize/CheXpert/test/patient64827/study1/view2_frontal.jpg,0.0,64827,-0.14038662612438202
data/chexlocalize/CheXpert/test/patient64828/study1/view1_frontal.jpg,0.0,64828,-0.2158135175704956
data/chexlocalize/CheXpert/test/patient64829/study1/view1_frontal.jpg,0.0,64829,-1.578652262687683
data/chexlocalize/CheXpert/test/patient64830/study1/view1_frontal.jpg,0.0,64830,-2.1602821350097656
data/chexlocalize/CheXpert/test/patient64831/study1/view1_frontal.jpg,0.0,64831,-0.07319387793540955
data/chexlocalize/CheXpert/test/patient64832/study1/view1_frontal.jpg,0.0,64832,-0.410623162984848
data/chexlocalize/CheXpert/test/patient64833/study1/view1_frontal.jpg,0.0,64833,-1.1651663780212402
data/chexlocalize/CheXpert/test/patient64834/study1/view1_frontal.jpg,0.0,64834,-0.007519278675317764
data/chexlocalize/CheXpert/test/patient64835/study1/view1_frontal.jpg,0.0,64835,-0.24998648464679718
data/chexlocalize/CheXpert/test/patient64836/study1/view1_frontal.jpg,0.0,64836,-0.8316954374313354
data/chexlocalize/CheXpert/test/patient64837/study1/view1_frontal.jpg,0.0,64837,-1.0379259586334229
data/chexlocalize/CheXpert/test/patient64838/study1/view1_frontal.jpg,0.0,64838,-0.8846012353897095
data/chexlocalize/CheXpert/test/patient64839/study1/view1_frontal.jpg,0.0,64839,-0.20661446452140808
data/chexlocalize/CheXpert/test/patient64840/study1/view1_frontal.jpg,0.0,64840,-0.4162846505641937
data/chexlocalize/CheXpert/test/patient64841/study1/view1_frontal.jpg,0.0,64841,-1.9273542165756226
data/chexlocalize/CheXpert/test/patient64842/study1/view1_frontal.jpg,0.0,64842,-1.7061553001403809
data/chexlocalize/CheXpert/test/patient64843/study1/view1_frontal.jpg,0.0,64843,-0.1391737312078476
data/chexlocalize/CheXpert/test/patient64844/study1/view1_frontal.jpg,0.0,64844,-2.2158520221710205
data/chexlocalize/CheXpert/test/patient64845/study1/view1_frontal.jpg,0.0,64845,-1.6487202644348145
data/chexlocalize/CheXpert/test/patient64846/study1/view1_frontal.jpg,0.0,64846,-1.0284446477890015
data/chexlocalize/CheXpert/test/patient64847/study1/view1_frontal.jpg,0.0,64847,-0.2167881727218628
data/chexlocalize/CheXpert/test/patient64848/study1/view1_frontal.jpg,0.0,64848,-1.2952113151550293
data/chexlocalize/CheXpert/test/patient64849/study1/view1_frontal.jpg,0.0,64849,-1.2732830047607422
data/chexlocalize/CheXpert/test/patient64850/study1/view1_frontal.jpg,0.0,64850,-0.03342302888631821
data/chexlocalize/CheXpert/test/patient64851/study1/view1_frontal.jpg,0.0,64851,-0.8380104303359985
data/chexlocalize/CheXpert/test/patient64852/study1/view1_frontal.jpg,0.0,64852,-0.014999964274466038
data/chexlocalize/CheXpert/test/patient64853/study1/view1_frontal.jpg,0.0,64853,-3.1441617012023926
data/chexlocalize/CheXpert/test/patient64854/study1/view1_frontal.jpg,0.0,64854,-1.6138426065444946
data/chexlocalize/CheXpert/test/patient64855/study1/view1_frontal.jpg,0.0,64855,-0.8037177920341492
data/chexlocalize/CheXpert/test/patient64856/study1/view1_frontal.jpg,0.0,64856,-0.05887280032038689
data/chexlocalize/CheXpert/test/patient64857/study1/view1_frontal.jpg,0.0,64857,-1.919326901435852
data/chexlocalize/CheXpert/test/patient64858/study1/view1_frontal.jpg,0.0,64858,-1.9115352630615234
data/chexlocalize/CheXpert/test/patient64859/study1/view1_frontal.jpg,0.0,64859,-0.3610595166683197
data/chexlocalize/CheXpert/test/patient64860/study1/view1_frontal.jpg,0.0,64860,-1.6926000118255615
data/chexlocalize/CheXpert/test/patient64861/study1/view1_frontal.jpg,0.0,64861,-0.8456293344497681
data/chexlocalize/CheXpert/test/patient64862/study1/view1_frontal.jpg,0.0,64862,-0.8240692019462585
data/chexlocalize/CheXpert/test/patient64863/study1/view1_frontal.jpg,0.0,64863,-0.4531119763851166
data/chexlocalize/CheXpert/test/patient64864/study1/view1_frontal.jpg,0.0,64864,-1.4789395332336426
data/chexlocalize/CheXpert/test/patient64865/study1/view1_frontal.jpg,0.0,64865,-0.754646360874176
data/chexlocalize/CheXpert/test/patient64866/study1/view1_frontal.jpg,0.0,64866,-1.1914689540863037
data/chexlocalize/CheXpert/test/patient64867/study1/view1_frontal.jpg,0.0,64867,-0.7054434418678284
data/chexlocalize/CheXpert/test/patient64868/study1/view1_frontal.jpg,0.0,64868,-0.3337021470069885
data/chexlocalize/CheXpert/test/patient64869/study1/view1_frontal.jpg,0.0,64869,-0.16909728944301605
data/chexlocalize/CheXpert/test/patient64870/study1/view1_frontal.jpg,0.0,64870,-1.9147039651870728
data/chexlocalize/CheXpert/test/patient64870/study1/view2_frontal.jpg,0.0,64870,-2.0391154289245605
data/chexlocalize/CheXpert/test/patient64871/study1/view1_frontal.jpg,0.0,64871,-0.08286931365728378
data/chexlocalize/CheXpert/test/patient64872/study1/view1_frontal.jpg,0.0,64872,-1.1279568672180176
data/chexlocalize/CheXpert/test/patient64873/study1/view1_frontal.jpg,0.0,64873,-0.00762605294585228
data/chexlocalize/CheXpert/test/patient64874/study1/view1_frontal.jpg,0.0,64874,-0.04194499924778938
data/chexlocalize/CheXpert/test/patient64875/study1/view1_frontal.jpg,0.0,64875,-0.13878512382507324
data/chexlocalize/CheXpert/test/patient64876/study1/view1_frontal.jpg,0.0,64876,-0.003311929991468787
data/chexlocalize/CheXpert/test/patient64877/study1/view1_frontal.jpg,0.0,64877,-2.1238417625427246
data/chexlocalize/CheXpert/test/patient64878/study1/view1_frontal.jpg,0.0,64878,-0.26865828037261963
data/chexlocalize/CheXpert/test/patient64879/study1/view1_frontal.jpg,0.0,64879,-0.40688031911849976
data/chexlocalize/CheXpert/test/patient64880/study1/view1_frontal.jpg,0.0,64880,-0.09565122425556183
data/chexlocalize/CheXpert/test/patient64881/study1/view1_frontal.jpg,0.0,64881,-0.059155628085136414
data/chexlocalize/CheXpert/test/patient64882/study1/view1_frontal.jpg,0.0,64882,-0.8444151282310486
data/chexlocalize/CheXpert/test/patient64883/study1/view1_frontal.jpg,0.0,64883,-1.4133639335632324
data/chexlocalize/CheXpert/test/patient64884/study1/view1_frontal.jpg,0.0,64884,-0.9030414819717407
data/chexlocalize/CheXpert/test/patient64885/study1/view1_frontal.jpg,0.0,64885,-1.3361083269119263
data/chexlocalize/CheXpert/test/patient64886/study1/view1_frontal.jpg,0.0,64886,-1.4967457056045532
data/chexlocalize/CheXpert/test/patient64886/study1/view2_frontal.jpg,0.0,64886,-2.2029504776000977
data/chexlocalize/CheXpert/test/patient64887/study1/view1_frontal.jpg,0.0,64887,-0.037500638514757156
data/chexlocalize/CheXpert/test/patient64888/study1/view1_frontal.jpg,0.0,64888,-0.31571900844573975
data/chexlocalize/CheXpert/test/patient64889/study1/view1_frontal.jpg,0.0,64889,-0.18793697655200958
data/chexlocalize/CheXpert/test/patient64890/study1/view1_frontal.jpg,0.0,64890,-0.5146337747573853
data/chexlocalize/CheXpert/test/patient64891/study1/view1_frontal.jpg,0.0,64891,-0.11502932012081146
data/chexlocalize/CheXpert/test/patient64892/study1/view1_frontal.jpg,0.0,64892,-0.6723734140396118
data/chexlocalize/CheXpert/test/patient64893/study1/view1_frontal.jpg,0.0,64893,-1.3667787313461304
data/chexlocalize/CheXpert/test/patient64894/study1/view1_frontal.jpg,0.0,64894,-1.0037301778793335
data/chexlocalize/CheXpert/test/patient64895/study1/view1_frontal.jpg,0.0,64895,-1.028738021850586
data/chexlocalize/CheXpert/test/patient64896/study1/view1_frontal.jpg,0.0,64896,-1.045322299003601
data/chexlocalize/CheXpert/test/patient64897/study1/view1_frontal.jpg,0.0,64897,-1.3794597387313843
data/chexlocalize/CheXpert/test/patient64898/study1/view1_frontal.jpg,0.0,64898,-0.8589409589767456
data/chexlocalize/CheXpert/test/patient64899/study1/view1_frontal.jpg,0.0,64899,-2.209909200668335
data/chexlocalize/CheXpert/test/patient64900/study1/view1_frontal.jpg,0.0,64900,-0.47330260276794434
data/chexlocalize/CheXpert/test/patient64901/study1/view1_frontal.jpg,0.0,64901,-0.3312393128871918
data/chexlocalize/CheXpert/test/patient64902/study1/view1_frontal.jpg,0.0,64902,-0.005239891819655895
data/chexlocalize/CheXpert/test/patient64903/study1/view1_frontal.jpg,0.0,64903,-0.01498091034591198
data/chexlocalize/CheXpert/test/patient64904/study1/view1_frontal.jpg,0.0,64904,-0.022869864478707314
data/chexlocalize/CheXpert/test/patient64905/study1/view1_frontal.jpg,0.0,64905,-0.6846430897712708
data/chexlocalize/CheXpert/test/patient64905/study1/view2_frontal.jpg,0.0,64905,-1.1734622716903687
data/chexlocalize/CheXpert/test/patient64906/study1/view1_frontal.jpg,0.0,64906,-0.5890898704528809
data/chexlocalize/CheXpert/test/patient64907/study1/view1_frontal.jpg,0.0,64907,-0.023269599303603172
data/chexlocalize/CheXpert/test/patient64908/study1/view1_frontal.jpg,0.0,64908,-1.851839303970337
data/chexlocalize/CheXpert/test/patient64909/study1/view1_frontal.jpg,0.0,64909,-0.0100472467020154
data/chexlocalize/CheXpert/test/patient64910/study1/view1_frontal.jpg,0.0,64910,-0.02494223229587078
data/chexlocalize/CheXpert/test/patient64911/study1/view1_frontal.jpg,0.0,64911,-1.2081491947174072
data/chexlocalize/CheXpert/test/patient64912/study1/view1_frontal.jpg,0.0,64912,-1.7710727453231812
data/chexlocalize/CheXpert/test/patient64913/study1/view1_frontal.jpg,0.0,64913,-0.050617288798093796
data/chexlocalize/CheXpert/test/patient64914/study1/view1_frontal.jpg,0.0,64914,-0.9511987566947937
data/chexlocalize/CheXpert/test/patient64915/study1/view1_frontal.jpg,0.0,64915,-1.1771690845489502
data/chexlocalize/CheXpert/test/patient64916/study1/view1_frontal.jpg,0.0,64916,-1.2564029693603516
data/chexlocalize/CheXpert/test/patient64917/study1/view1_frontal.jpg,0.0,64917,-0.24436764419078827
data/chexlocalize/CheXpert/test/patient64918/study1/view1_frontal.jpg,0.0,64918,-1.3893860578536987
data/chexlocalize/CheXpert/test/patient64919/study1/view1_frontal.jpg,0.0,64919,-0.004241520538926125
data/chexlocalize/CheXpert/test/patient64920/study1/view1_frontal.jpg,0.0,64920,-0.07221774011850357
data/chexlocalize/CheXpert/test/patient64921/study1/view1_frontal.jpg,0.0,64921,-1.135575771331787
data/chexlocalize/CheXpert/test/patient64922/study1/view1_frontal.jpg,0.0,64922,-0.030893072485923767
data/chexlocalize/CheXpert/test/patient64923/study1/view1_frontal.jpg,0.0,64923,-0.05751097574830055
data/chexlocalize/CheXpert/test/patient64924/study1/view1_frontal.jpg,0.0,64924,-0.28376156091690063
data/chexlocalize/CheXpert/test/patient64925/study1/view1_frontal.jpg,0.0,64925,-0.004289085976779461
data/chexlocalize/CheXpert/test/patient64926/study1/view1_frontal.jpg,0.0,64926,-0.07874196022748947
data/chexlocalize/CheXpert/test/patient64927/study1/view1_frontal.jpg,0.0,64927,-0.03754790499806404
data/chexlocalize/CheXpert/test/patient64928/study1/view1_frontal.jpg,0.0,64928,-1.3434983491897583
data/chexlocalize/CheXpert/test/patient64929/study1/view1_frontal.jpg,0.0,64929,-0.05342315882444382
data/chexlocalize/CheXpert/test/patient64930/study1/view1_frontal.jpg,0.0,64930,-0.9282381534576416
data/chexlocalize/CheXpert/test/patient64931/study1/view1_frontal.jpg,0.0,64931,-1.3223609924316406
data/chexlocalize/CheXpert/test/patient64932/study1/view1_frontal.jpg,0.0,64932,-0.6053048968315125
data/chexlocalize/CheXpert/test/patient64933/study1/view1_frontal.jpg,0.0,64933,-0.3180682361125946
data/chexlocalize/CheXpert/test/patient64934/study1/view1_frontal.jpg,0.0,64934,-0.5447187423706055
data/chexlocalize/CheXpert/test/patient64935/study1/view1_frontal.jpg,0.0,64935,-0.053479574620723724
data/chexlocalize/CheXpert/test/patient64936/study1/view1_frontal.jpg,0.0,64936,-2.1958115100860596
data/chexlocalize/CheXpert/test/patient64937/study1/view1_frontal.jpg,0.0,64937,-1.3097245693206787
data/chexlocalize/CheXpert/test/patient64938/study1/view1_frontal.jpg,0.0,64938,-1.1885627508163452
data/chexlocalize/CheXpert/test/patient64939/study1/view1_frontal.jpg,0.0,64939,-2.626408100128174
data/chexlocalize/CheXpert/test/patient64940/study1/view1_frontal.jpg,0.0,64940,-1.089166283607483
data/chexlocalize/CheXpert/test/patient64941/study1/view1_frontal.jpg,0.0,64941,-1.4487816095352173
data/chexlocalize/CheXpert/test/patient64942/study1/view1_frontal.jpg,0.0,64942,-0.9682019948959351
data/chexlocalize/CheXpert/test/patient64943/study1/view1_frontal.jpg,0.0,64943,-0.6825740933418274
data/chexlocalize/CheXpert/test/patient64943/study1/view2_frontal.jpg,0.0,64943,-0.42754891514778137
data/chexlocalize/CheXpert/test/patient64944/study1/view1_frontal.jpg,0.0,64944,-0.13514426350593567
data/chexlocalize/CheXpert/test/patient64945/study1/view1_frontal.jpg,0.0,64945,-0.5974199175834656
data/chexlocalize/CheXpert/test/patient64946/study1/view1_frontal.jpg,0.0,64946,-0.9513084292411804
data/chexlocalize/CheXpert/test/patient64947/study1/view1_frontal.jpg,0.0,64947,-1.0600972175598145
data/chexlocalize/CheXpert/test/patient64948/study1/view1_frontal.jpg,0.0,64948,-0.8058399558067322
data/chexlocalize/CheXpert/test/patient64949/study1/view1_frontal.jpg,0.0,64949,-0.1280544251203537
data/chexlocalize/CheXpert/test/patient64949/study1/view2_frontal.jpg,0.0,64949,-1.0375676155090332
data/chexlocalize/CheXpert/test/patient64950/study1/view1_frontal.jpg,0.0,64950,-2.5914249420166016
data/chexlocalize/CheXpert/test/patient64951/study1/view1_frontal.jpg,0.0,64951,-0.16736218333244324
data/chexlocalize/CheXpert/test/patient64952/study1/view1_frontal.jpg,0.0,64952,-1.1807875633239746
data/chexlocalize/CheXpert/test/patient64953/study1/view1_frontal.jpg,0.0,64953,-1.0456541776657104
data/chexlocalize/CheXpert/test/patient64954/study1/view1_frontal.jpg,0.0,64954,-1.7995132207870483
data/chexlocalize/CheXpert/test/patient64955/study1/view1_frontal.jpg,0.0,64955,-0.14140355587005615
data/chexlocalize/CheXpert/test/patient64956/study1/view1_frontal.jpg,0.0,64956,-0.20253023505210876
data/chexlocalize/CheXpert/test/patient64957/study1/view1_frontal.jpg,0.0,64957,-2.6592659950256348
data/chexlocalize/CheXpert/test/patient64958/study1/view1_frontal.jpg,0.0,64958,-1.1800537109375
data/chexlocalize/CheXpert/test/patient64959/study1/view1_frontal.jpg,0.0,64959,-1.8921066522598267
data/chexlocalize/CheXpert/test/patient64960/study1/view1_frontal.jpg,0.0,64960,-0.7525569796562195
data/chexlocalize/CheXpert/test/patient64961/study1/view1_frontal.jpg,0.0,64961,-1.3056846857070923
data/chexlocalize/CheXpert/test/patient64962/study1/view1_frontal.jpg,0.0,64962,-1.7029961347579956
data/chexlocalize/CheXpert/test/patient64963/study1/view1_frontal.jpg,0.0,64963,-0.6036719083786011
data/chexlocalize/CheXpert/test/patient64964/study1/view1_frontal.jpg,0.0,64964,-0.013648557476699352
data/chexlocalize/CheXpert/test/patient64965/study1/view1_frontal.jpg,0.0,64965,-1.6086363792419434
data/chexlocalize/CheXpert/test/patient64966/study1/view1_frontal.jpg,0.0,64966,-1.1508405208587646
data/chexlocalize/CheXpert/test/patient64967/study1/view1_frontal.jpg,0.0,64967,-0.8184870481491089
data/chexlocalize/CheXpert/test/patient64968/study1/view1_frontal.jpg,0.0,64968,-1.3457340002059937
data/chexlocalize/CheXpert/test/patient64969/study1/view1_frontal.jpg,0.0,64969,-0.2227812558412552
data/chexlocalize/CheXpert/test/patient64970/study1/view1_frontal.jpg,0.0,64970,-0.17369841039180756
data/chexlocalize/CheXpert/test/patient64970/study1/view2_frontal.jpg,0.0,64970,-0.16314172744750977
data/chexlocalize/CheXpert/test/patient64971/study1/view1_frontal.jpg,0.0,64971,-1.0342210531234741
data/chexlocalize/CheXpert/test/patient64972/study1/view1_frontal.jpg,0.0,64972,-1.845883846282959
data/chexlocalize/CheXpert/test/patient64973/study1/view1_frontal.jpg,0.0,64973,-1.4595667123794556
data/chexlocalize/CheXpert/test/patient64974/study1/view1_frontal.jpg,0.0,64974,-0.0053353216499090195
data/chexlocalize/CheXpert/test/patient64975/study1/view1_frontal.jpg,0.0,64975,-0.3751317262649536
data/chexlocalize/CheXpert/test/patient64976/study1/view1_frontal.jpg,0.0,64976,-1.3070148229599
data/chexlocalize/CheXpert/test/patient64977/study1/view1_frontal.jpg,0.0,64977,-0.569649338722229
data/chexlocalize/CheXpert/test/patient64978/study1/view1_frontal.jpg,0.0,64978,-0.9905350804328918
data/chexlocalize/CheXpert/test/patient64979/study1/view1_frontal.jpg,0.0,64979,-0.17555394768714905
data/chexlocalize/CheXpert/test/patient64980/study1/view1_frontal.jpg,0.0,64980,-0.019191231578588486
data/chexlocalize/CheXpert/test/patient64981/study1/view1_frontal.jpg,0.0,64981,-0.05932522192597389
data/chexlocalize/CheXpert/test/patient64982/study1/view1_frontal.jpg,0.0,64982,-1.2870821952819824
data/chexlocalize/CheXpert/test/patient64983/study1/view1_frontal.jpg,0.0,64983,-3.2028276920318604
data/chexlocalize/CheXpert/test/patient64984/study1/view1_frontal.jpg,0.0,64984,-0.8094404339790344
data/chexlocalize/CheXpert/test/patient64985/study1/view1_frontal.jpg,0.0,64985,-1.145423173904419
data/chexlocalize/CheXpert/test/patient64986/study1/view1_frontal.jpg,0.0,64986,-0.16928206384181976
data/chexlocalize/CheXpert/test/patient64986/study1/view2_frontal.jpg,0.0,64986,-0.1750156283378601
data/chexlocalize/CheXpert/test/patient64987/study1/view1_frontal.jpg,0.0,64987,-1.405462622642517
data/chexlocalize/CheXpert/test/patient64988/study1/view1_frontal.jpg,0.0,64988,-0.053745340555906296
data/chexlocalize/CheXpert/test/patient64989/study1/view1_frontal.jpg,0.0,64989,-0.9696552157402039
data/chexlocalize/CheXpert/test/patient64990/study1/view1_frontal.jpg,0.0,64990,-0.6856046915054321
data/chexlocalize/CheXpert/test/patient64991/study1/view1_frontal.jpg,0.0,64991,-1.528988003730774
data/chexlocalize/CheXpert/test/patient64992/study1/view1_frontal.jpg,0.0,64992,-1.0244399309158325
data/chexlocalize/CheXpert/test/patient64993/study1/view1_frontal.jpg,0.0,64993,-0.2523362338542938
data/chexlocalize/CheXpert/test/patient64994/study1/view1_frontal.jpg,0.0,64994,-1.3752788305282593
data/chexlocalize/CheXpert/test/patient64995/study1/view1_frontal.jpg,0.0,64995,-0.018642541021108627
data/chexlocalize/CheXpert/test/patient64996/study1/view1_frontal.jpg,0.0,64996,-0.3023056089878082
data/chexlocalize/CheXpert/test/patient64997/study1/view1_frontal.jpg,0.0,64997,-0.3688097298145294
data/chexlocalize/CheXpert/test/patient64998/study1/view1_frontal.jpg,0.0,64998,-0.8882997035980225
data/chexlocalize/CheXpert/test/patient64999/study1/view1_frontal.jpg,0.0,64999,-1.933753252029419
data/chexlocalize/CheXpert/test/patient65000/study1/view1_frontal.jpg,0.0,65000,-0.13071247935295105
data/chexlocalize/CheXpert/test/patient65001/study1/view1_frontal.jpg,0.0,65001,-0.9692031741142273
data/chexlocalize/CheXpert/test/patient65002/study1/view1_frontal.jpg,0.0,65002,-1.0710530281066895
data/chexlocalize/CheXpert/test/patient65003/study1/view1_frontal.jpg,0.0,65003,-0.8343521356582642
data/chexlocalize/CheXpert/test/patient65004/study1/view1_frontal.jpg,0.0,65004,-1.4498916864395142
data/chexlocalize/CheXpert/test/patient65005/study1/view1_frontal.jpg,0.0,65005,-0.27393877506256104
data/chexlocalize/CheXpert/test/patient65006/study1/view1_frontal.jpg,0.0,65006,-1.4009827375411987
data/chexlocalize/CheXpert/test/patient65007/study1/view1_frontal.jpg,0.0,65007,-1.9219906330108643
data/chexlocalize/CheXpert/test/patient65008/study1/view1_frontal.jpg,0.0,65008,-0.6941871047019958
data/chexlocalize/CheXpert/test/patient65009/study1/view1_frontal.jpg,0.0,65009,-0.8721489906311035
data/chexlocalize/CheXpert/test/patient65010/study1/view1_frontal.jpg,0.0,65010,-1.6696127653121948
data/chexlocalize/CheXpert/test/patient65011/study1/view1_frontal.jpg,0.0,65011,-3.5168848037719727
data/chexlocalize/CheXpert/test/patient65011/study1/view2_frontal.jpg,0.0,65011,-3.019747018814087
data/chexlocalize/CheXpert/test/patient65012/study1/view1_frontal.jpg,0.0,65012,-0.37920573353767395
data/chexlocalize/CheXpert/test/patient65013/study1/view1_frontal.jpg,0.0,65013,-1.298449993133545
data/chexlocalize/CheXpert/test/patient65013/study1/view2_frontal.jpg,0.0,65013,-1.8790898323059082
data/chexlocalize/CheXpert/test/patient65014/study1/view1_frontal.jpg,0.0,65014,-1.9887944459915161
data/chexlocalize/CheXpert/test/patient65015/study1/view1_frontal.jpg,0.0,65015,-2.7284486293792725
data/chexlocalize/CheXpert/test/patient65016/study1/view1_frontal.jpg,0.0,65016,-3.357525110244751
data/chexlocalize/CheXpert/test/patient65017/study1/view1_frontal.jpg,0.0,65017,-0.514205813407898
data/chexlocalize/CheXpert/test/patient65018/study1/view1_frontal.jpg,0.0,65018,-1.022011637687683
data/chexlocalize/CheXpert/test/patient65019/study1/view1_frontal.jpg,0.0,65019,-2.0166304111480713
data/chexlocalize/CheXpert/test/patient65020/study1/view1_frontal.jpg,0.0,65020,-0.0035254834219813347
data/chexlocalize/CheXpert/test/patient65021/study1/view1_frontal.jpg,0.0,65021,-2.981740713119507
data/chexlocalize/CheXpert/test/patient65022/study1/view1_frontal.jpg,0.0,65022,-0.709760844707489
data/chexlocalize/CheXpert/test/patient65023/study1/view1_frontal.jpg,0.0,65023,-1.5285518169403076
data/chexlocalize/CheXpert/test/patient65024/study1/view1_frontal.jpg,0.0,65024,-0.0014580405550077558
data/chexlocalize/CheXpert/test/patient65025/study1/view1_frontal.jpg,0.0,65025,-0.5963655710220337
data/chexlocalize/CheXpert/test/patient65026/study1/view1_frontal.jpg,0.0,65026,-0.43620195984840393
data/chexlocalize/CheXpert/test/patient65027/study1/view1_frontal.jpg,0.0,65027,-0.0607646182179451
data/chexlocalize/CheXpert/test/patient65028/study1/view1_frontal.jpg,0.0,65028,-1.1649272441864014
data/chexlocalize/CheXpert/test/patient65029/study1/view1_frontal.jpg,0.0,65029,-1.3031706809997559
data/chexlocalize/CheXpert/test/patient65030/study1/view1_frontal.jpg,0.0,65030,-0.9409502744674683
data/chexlocalize/CheXpert/test/patient65031/study1/view1_frontal.jpg,0.0,65031,-0.9432299137115479
data/chexlocalize/CheXpert/test/patient65031/study1/view2_frontal.jpg,0.0,65031,-0.09969761222600937
data/chexlocalize/CheXpert/test/patient65032/study1/view1_frontal.jpg,0.0,65032,-0.8928847312927246
data/chexlocalize/CheXpert/test/patient65033/study1/view1_frontal.jpg,0.0,65033,-0.005140635650604963
data/chexlocalize/CheXpert/test/patient65034/study1/view1_frontal.jpg,0.0,65034,-0.001163386506959796
data/chexlocalize/CheXpert/test/patient65035/study1/view1_frontal.jpg,0.0,65035,-1.0029489994049072
data/chexlocalize/CheXpert/test/patient65036/study1/view1_frontal.jpg,0.0,65036,-2.105278491973877
data/chexlocalize/CheXpert/test/patient65037/study1/view1_frontal.jpg,0.0,65037,-0.44410550594329834
data/chexlocalize/CheXpert/test/patient65038/study1/view1_frontal.jpg,0.0,65038,-0.08269034326076508
data/chexlocalize/CheXpert/test/patient65039/study1/view1_frontal.jpg,0.0,65039,-1.1652119159698486
data/chexlocalize/CheXpert/test/patient65040/study1/view1_frontal.jpg,0.0,65040,-1.4660093784332275
data/chexlocalize/CheXpert/test/patient65041/study1/view1_frontal.jpg,0.0,65041,-0.8925741910934448
data/chexlocalize/CheXpert/test/patient65042/study1/view1_frontal.jpg,0.0,65042,-1.0537898540496826
data/chexlocalize/CheXpert/test/patient65043/study1/view1_frontal.jpg,0.0,65043,-0.20780621469020844
data/chexlocalize/CheXpert/test/patient65044/study1/view1_frontal.jpg,0.0,65044,-0.3008870780467987
data/chexlocalize/CheXpert/test/patient65045/study1/view1_frontal.jpg,0.0,65045,-1.2543272972106934
data/chexlocalize/CheXpert/test/patient65046/study1/view1_frontal.jpg,0.0,65046,-2.0081021785736084
data/chexlocalize/CheXpert/test/patient65047/study1/view1_frontal.jpg,0.0,65047,-1.0627729892730713
data/chexlocalize/CheXpert/test/patient65048/study1/view1_frontal.jpg,0.0,65048,-1.6929134130477905
data/chexlocalize/CheXpert/test/patient65049/study1/view1_frontal.jpg,0.0,65049,-0.029368707910180092
data/chexlocalize/CheXpert/test/patient65050/study1/view1_frontal.jpg,0.0,65050,-0.2756780982017517
data/chexlocalize/CheXpert/test/patient65050/study1/view2_frontal.jpg,0.0,65050,-1.6034356355667114
data/chexlocalize/CheXpert/test/patient65051/study1/view1_frontal.jpg,0.0,65051,-1.1372723579406738
data/chexlocalize/CheXpert/test/patient65051/study1/view2_frontal.jpg,0.0,65051,-0.86375492811203
data/chexlocalize/CheXpert/test/patient65052/study1/view1_frontal.jpg,0.0,65052,-1.5370911359786987
data/chexlocalize/CheXpert/test/patient65053/study1/view1_frontal.jpg,0.0,65053,-0.6098446846008301
data/chexlocalize/CheXpert/test/patient65054/study1/view1_frontal.jpg,0.0,65054,-0.9350133538246155
data/chexlocalize/CheXpert/test/patient65055/study1/view1_frontal.jpg,0.0,65055,-1.4845261573791504
data/chexlocalize/CheXpert/test/patient65056/study1/view1_frontal.jpg,0.0,65056,-1.243934988975525
data/chexlocalize/CheXpert/test/patient65057/study1/view1_frontal.jpg,0.0,65057,-1.2514564990997314
data/chexlocalize/CheXpert/test/patient65058/study1/view1_frontal.jpg,0.0,65058,-0.13660702109336853
data/chexlocalize/CheXpert/test/patient65059/study1/view1_frontal.jpg,0.0,65059,-1.5661879777908325
data/chexlocalize/CheXpert/test/patient65060/study1/view1_frontal.jpg,0.0,65060,-0.013976939022541046
data/chexlocalize/CheXpert/test/patient65061/study1/view1_frontal.jpg,0.0,65061,-1.2302663326263428
data/chexlocalize/CheXpert/test/patient65062/study1/view1_frontal.jpg,0.0,65062,-0.16625791788101196
data/chexlocalize/CheXpert/test/patient65063/study1/view1_frontal.jpg,0.0,65063,-1.8748022317886353
data/chexlocalize/CheXpert/test/patient65064/study1/view1_frontal.jpg,0.0,65064,-1.7848201990127563
data/chexlocalize/CheXpert/test/patient65065/study1/view1_frontal.jpg,0.0,65065,-0.40124577283859253
data/chexlocalize/CheXpert/test/patient65066/study1/view1_frontal.jpg,0.0,65066,-1.2271372079849243
data/chexlocalize/CheXpert/test/patient65067/study1/view1_frontal.jpg,0.0,65067,-1.916253685951233
data/chexlocalize/CheXpert/test/patient65068/study1/view1_frontal.jpg,0.0,65068,-0.9904921054840088
data/chexlocalize/CheXpert/test/patient65069/study1/view1_frontal.jpg,0.0,65069,-0.01644505374133587
data/chexlocalize/CheXpert/test/patient65070/study1/view1_frontal.jpg,0.0,65070,-1.8269692659378052
data/chexlocalize/CheXpert/test/patient65071/study1/view1_frontal.jpg,0.0,65071,-0.07825993001461029
data/chexlocalize/CheXpert/test/patient65072/study1/view1_frontal.jpg,0.0,65072,-0.7685120701789856
data/chexlocalize/CheXpert/test/patient65073/study1/view1_frontal.jpg,0.0,65073,-0.9529946446418762
data/chexlocalize/CheXpert/test/patient65074/study1/view1_frontal.jpg,0.0,65074,-0.736234724521637
data/chexlocalize/CheXpert/test/patient65075/study1/view1_frontal.jpg,0.0,65075,-0.9066880941390991
data/chexlocalize/CheXpert/test/patient65076/study1/view1_frontal.jpg,0.0,65076,-0.7772260904312134
data/chexlocalize/CheXpert/test/patient65077/study1/view1_frontal.jpg,0.0,65077,-0.24705363810062408
data/chexlocalize/CheXpert/test/patient65078/study1/view1_frontal.jpg,0.0,65078,-3.1683833599090576
data/chexlocalize/CheXpert/test/patient65079/study1/view1_frontal.jpg,0.0,65079,-1.5951465368270874
data/chexlocalize/CheXpert/test/patient65080/study1/view1_frontal.jpg,0.0,65080,-3.3075242042541504
data/chexlocalize/CheXpert/test/patient65081/study1/view1_frontal.jpg,0.0,65081,-1.0984934568405151
data/chexlocalize/CheXpert/test/patient65082/study1/view1_frontal.jpg,0.0,65082,-0.10296762734651566
data/chexlocalize/CheXpert/test/patient65083/study1/view1_frontal.jpg,0.0,65083,-0.006624095607548952
data/chexlocalize/CheXpert/test/patient65084/study1/view1_frontal.jpg,0.0,65084,-0.11332228779792786
data/chexlocalize/CheXpert/test/patient65084/study1/view2_frontal.jpg,0.0,65084,-1.0473049879074097
data/chexlocalize/CheXpert/test/patient65085/study1/view1_frontal.jpg,0.0,65085,-2.279611110687256
data/chexlocalize/CheXpert/test/patient65086/study1/view1_frontal.jpg,0.0,65086,-0.005010876338928938
data/chexlocalize/CheXpert/test/patient65087/study1/view1_frontal.jpg,0.0,65087,-0.6087722778320312
data/chexlocalize/CheXpert/test/patient65088/study1/view1_frontal.jpg,0.0,65088,-0.2907012104988098
data/chexlocalize/CheXpert/test/patient65089/study1/view1_frontal.jpg,0.0,65089,-1.29624342918396
data/chexlocalize/CheXpert/test/patient65090/study1/view1_frontal.jpg,0.0,65090,-0.0014843200333416462
data/chexlocalize/CheXpert/test/patient65091/study1/view1_frontal.jpg,0.0,65091,-0.3426954448223114
data/chexlocalize/CheXpert/test/patient65092/study1/view1_frontal.jpg,0.0,65092,-2.0484509468078613
data/chexlocalize/CheXpert/test/patient65093/study1/view1_frontal.jpg,0.0,65093,-1.4481154680252075
data/chexlocalize/CheXpert/test/patient65094/study1/view1_frontal.jpg,0.0,65094,-0.756839394569397
data/chexlocalize/CheXpert/test/patient65095/study1/view1_frontal.jpg,0.0,65095,-1.0210298299789429
data/chexlocalize/CheXpert/test/patient65096/study1/view1_frontal.jpg,0.0,65096,-2.260610580444336
data/chexlocalize/CheXpert/test/patient65097/study1/view1_frontal.jpg,0.0,65097,-1.702307105064392
data/chexlocalize/CheXpert/test/patient65098/study1/view1_frontal.jpg,0.0,65098,-1.0963696241378784
data/chexlocalize/CheXpert/test/patient65099/study1/view1_frontal.jpg,0.0,65099,-0.8383936285972595
data/chexlocalize/CheXpert/test/patient65100/study1/view1_frontal.jpg,0.0,65100,-1.2356194257736206
data/chexlocalize/CheXpert/test/patient65101/study1/view1_frontal.jpg,0.0,65101,-0.170517235994339
data/chexlocalize/CheXpert/test/patient65102/study1/view1_frontal.jpg,0.0,65102,-0.42989256978034973
data/chexlocalize/CheXpert/test/patient65103/study1/view1_frontal.jpg,0.0,65103,-2.3380274772644043
data/chexlocalize/CheXpert/test/patient65104/study1/view1_frontal.jpg,0.0,65104,-0.41472187638282776
data/chexlocalize/CheXpert/test/patient65105/study1/view1_frontal.jpg,0.0,65105,-0.079181008040905
data/chexlocalize/CheXpert/test/patient65106/study1/view1_frontal.jpg,0.0,65106,-0.04562454670667648
data/chexlocalize/CheXpert/test/patient65107/study1/view1_frontal.jpg,0.0,65107,-1.5260097980499268
data/chexlocalize/CheXpert/test/patient65108/study1/view1_frontal.jpg,0.0,65108,-1.1806752681732178
data/chexlocalize/CheXpert/test/patient65109/study1/view1_frontal.jpg,0.0,65109,-1.1343331336975098
data/chexlocalize/CheXpert/test/patient65110/study1/view1_frontal.jpg,0.0,65110,-0.7839142680168152
data/chexlocalize/CheXpert/test/patient65111/study1/view1_frontal.jpg,0.0,65111,-1.3784477710723877
data/chexlocalize/CheXpert/test/patient65112/study1/view1_frontal.jpg,0.0,65112,-0.8801814317703247
data/chexlocalize/CheXpert/test/patient65113/study1/view1_frontal.jpg,0.0,65113,-0.036055829375982285
data/chexlocalize/CheXpert/test/patient65114/study1/view1_frontal.jpg,0.0,65114,-1.8052384853363037
data/chexlocalize/CheXpert/test/patient65115/study1/view1_frontal.jpg,0.0,65115,-3.1923775672912598
data/chexlocalize/CheXpert/test/patient65116/study1/view1_frontal.jpg,0.0,65116,-0.7478508353233337
data/chexlocalize/CheXpert/test/patient65117/study1/view1_frontal.jpg,0.0,65117,-0.4019254744052887
data/chexlocalize/CheXpert/test/patient65118/study1/view1_frontal.jpg,0.0,65118,-1.0691375732421875
data/chexlocalize/CheXpert/test/patient65119/study1/view1_frontal.jpg,0.0,65119,-0.6168069243431091
data/chexlocalize/CheXpert/test/patient65120/study1/view1_frontal.jpg,0.0,65120,-0.3576406240463257
data/chexlocalize/CheXpert/test/patient65121/study1/view1_frontal.jpg,0.0,65121,-0.5547164082527161
data/chexlocalize/CheXpert/test/patient65122/study1/view1_frontal.jpg,0.0,65122,-2.656156539916992
data/chexlocalize/CheXpert/test/patient65123/study1/view1_frontal.jpg,0.0,65123,-0.7051060795783997
data/chexlocalize/CheXpert/test/patient65124/study1/view1_frontal.jpg,0.0,65124,-2.549920082092285
data/chexlocalize/CheXpert/test/patient65125/study1/view1_frontal.jpg,0.0,65125,-0.3675095736980438
data/chexlocalize/CheXpert/test/patient65126/study1/view1_frontal.jpg,0.0,65126,-0.16610285639762878
data/chexlocalize/CheXpert/test/patient65127/study1/view1_frontal.jpg,0.0,65127,-0.9281997680664062
data/chexlocalize/CheXpert/test/patient65128/study1/view1_frontal.jpg,0.0,65128,-1.0169227123260498
data/chexlocalize/CheXpert/test/patient65129/study1/view1_frontal.jpg,0.0,65129,-1.2123092412948608
data/chexlocalize/CheXpert/test/patient65130/study1/view1_frontal.jpg,0.0,65130,-0.23594637215137482
data/chexlocalize/CheXpert/test/patient65131/study1/view1_frontal.jpg,0.0,65131,-0.03430930897593498
data/chexlocalize/CheXpert/test/patient65132/study1/view1_frontal.jpg,0.0,65132,-1.519000768661499
data/chexlocalize/CheXpert/test/patient65133/study1/view1_frontal.jpg,0.0,65133,-0.7745459675788879
data/chexlocalize/CheXpert/test/patient65134/study1/view1_frontal.jpg,0.0,65134,-2.819611072540283
data/chexlocalize/CheXpert/test/patient65135/study1/view1_frontal.jpg,0.0,65135,-0.3729510009288788
data/chexlocalize/CheXpert/test/patient65136/study1/view1_frontal.jpg,0.0,65136,-0.843657374382019
data/chexlocalize/CheXpert/test/patient65137/study1/view1_frontal.jpg,0.0,65137,-0.39723411202430725
data/chexlocalize/CheXpert/test/patient65138/study1/view1_frontal.jpg,0.0,65138,-0.5025085210800171
data/chexlocalize/CheXpert/test/patient65139/study1/view1_frontal.jpg,0.0,65139,-0.020613232627511024
data/chexlocalize/CheXpert/test/patient65140/study1/view1_frontal.jpg,0.0,65140,-1.1186103820800781
data/chexlocalize/CheXpert/test/patient65141/study1/view1_frontal.jpg,0.0,65141,-0.01757063902914524
data/chexlocalize/CheXpert/test/patient65142/study1/view1_frontal.jpg,0.0,65142,-0.8528406620025635
data/chexlocalize/CheXpert/test/patient65143/study1/view1_frontal.jpg,0.0,65143,-0.8395654559135437
data/chexlocalize/CheXpert/test/patient65144/study1/view1_frontal.jpg,0.0,65144,-1.851804494857788
data/chexlocalize/CheXpert/test/patient65145/study1/view1_frontal.jpg,0.0,65145,-0.6229421496391296
data/chexlocalize/CheXpert/test/patient65146/study1/view1_frontal.jpg,0.0,65146,-0.7633999586105347
data/chexlocalize/CheXpert/test/patient65147/study1/view1_frontal.jpg,0.0,65147,-0.5199061632156372
data/chexlocalize/CheXpert/test/patient65148/study1/view1_frontal.jpg,0.0,65148,-0.06537888944149017
data/chexlocalize/CheXpert/test/patient65149/study1/view1_frontal.jpg,0.0,65149,-0.22076746821403503
data/chexlocalize/CheXpert/test/patient65150/study1/view1_frontal.jpg,0.0,65150,-0.958648681640625
data/chexlocalize/CheXpert/test/patient65151/study1/view1_frontal.jpg,0.0,65151,-3.4101672172546387
data/chexlocalize/CheXpert/test/patient65152/study1/view1_frontal.jpg,0.0,65152,-0.018363744020462036
data/chexlocalize/CheXpert/test/patient65153/study1/view1_frontal.jpg,0.0,65153,-0.053345389664173126
data/chexlocalize/CheXpert/test/patient65154/study1/view1_frontal.jpg,0.0,65154,-0.43443313241004944
data/chexlocalize/CheXpert/test/patient65155/study1/view1_frontal.jpg,0.0,65155,-0.6336619257926941
data/chexlocalize/CheXpert/test/patient65156/study1/view1_frontal.jpg,0.0,65156,-1.0317699909210205
data/chexlocalize/CheXpert/test/patient65157/study1/view1_frontal.jpg,0.0,65157,-0.8881500959396362
data/chexlocalize/CheXpert/test/patient65158/study1/view1_frontal.jpg,0.0,65158,-0.23655065894126892
data/chexlocalize/CheXpert/test/patient65159/study1/view1_frontal.jpg,0.0,65159,-1.4211976528167725
data/chexlocalize/CheXpert/test/patient65160/study1/view1_frontal.jpg,0.0,65160,-1.100372076034546
data/chexlocalize/CheXpert/test/patient65161/study1/view1_frontal.jpg,0.0,65161,-0.1389198899269104
data/chexlocalize/CheXpert/test/patient65162/study1/view1_frontal.jpg,0.0,65162,-0.15224657952785492
data/chexlocalize/CheXpert/test/patient65163/study1/view1_frontal.jpg,0.0,65163,-0.07407256960868835
data/chexlocalize/CheXpert/test/patient65164/study1/view1_frontal.jpg,0.0,65164,-0.18702848255634308
data/chexlocalize/CheXpert/test/patient65165/study1/view1_frontal.jpg,0.0,65165,-0.17865458130836487
data/chexlocalize/CheXpert/test/patient65166/study1/view1_frontal.jpg,0.0,65166,-1.9048173427581787
data/chexlocalize/CheXpert/test/patient65167/study1/view1_frontal.jpg,0.0,65167,-0.0037456033751368523
data/chexlocalize/CheXpert/test/patient65168/study1/view1_frontal.jpg,0.0,65168,-0.16875258088111877
data/chexlocalize/CheXpert/test/patient65169/study1/view1_frontal.jpg,0.0,65169,-0.8649399876594543
data/chexlocalize/CheXpert/test/patient65170/study1/view1_frontal.jpg,0.0,65170,-1.5304579734802246
data/chexlocalize/CheXpert/test/patient65171/study1/view1_frontal.jpg,0.0,65171,-0.6673557758331299
data/chexlocalize/CheXpert/test/patient65172/study1/view1_frontal.jpg,0.0,65172,-0.7929236888885498
data/chexlocalize/CheXpert/test/patient65173/study1/view1_frontal.jpg,0.0,65173,-1.130305528640747
data/chexlocalize/CheXpert/test/patient65174/study1/view1_frontal.jpg,0.0,65174,-2.9654531478881836
data/chexlocalize/CheXpert/test/patient65175/study1/view1_frontal.jpg,0.0,65175,-0.6802537441253662
data/chexlocalize/CheXpert/test/patient65176/study1/view1_frontal.jpg,0.0,65176,-0.12648722529411316
data/chexlocalize/CheXpert/test/patient65177/study1/view1_frontal.jpg,0.0,65177,-0.9268902540206909
data/chexlocalize/CheXpert/test/patient65178/study1/view1_frontal.jpg,0.0,65178,-1.1170004606246948
data/chexlocalize/CheXpert/test/patient65179/study1/view1_frontal.jpg,0.0,65179,-0.6266035437583923
data/chexlocalize/CheXpert/test/patient65180/study1/view1_frontal.jpg,0.0,65180,-0.057452429085969925
data/chexlocalize/CheXpert/test/patient65181/study1/view1_frontal.jpg,0.0,65181,-2.040966510772705
data/chexlocalize/CheXpert/test/patient65182/study1/view1_frontal.jpg,0.0,65182,-0.47146186232566833
data/chexlocalize/CheXpert/test/patient65183/study1/view1_frontal.jpg,0.0,65183,-0.48746997117996216
data/chexlocalize/CheXpert/test/patient65184/study1/view1_frontal.jpg,0.0,65184,-1.299770712852478
data/chexlocalize/CheXpert/test/patient65185/study1/view1_frontal.jpg,0.0,65185,-0.05889708921313286
data/chexlocalize/CheXpert/test/patient65186/study1/view1_frontal.jpg,0.0,65186,-0.24497956037521362
data/chexlocalize/CheXpert/test/patient65187/study1/view1_frontal.jpg,0.0,65187,-2.4657890796661377
data/chexlocalize/CheXpert/test/patient65188/study1/view1_frontal.jpg,0.0,65188,-2.3346738815307617
data/chexlocalize/CheXpert/test/patient65189/study1/view1_frontal.jpg,0.0,65189,-0.47926822304725647
data/chexlocalize/CheXpert/test/patient65189/study1/view2_frontal.jpg,0.0,65189,-0.022963400930166245
data/chexlocalize/CheXpert/test/patient65190/study1/view1_frontal.jpg,0.0,65190,-0.004149044398218393
data/chexlocalize/CheXpert/test/patient65191/study1/view1_frontal.jpg,0.0,65191,-0.6334737539291382
data/chexlocalize/CheXpert/test/patient65192/study1/view1_frontal.jpg,0.0,65192,-0.04666152223944664
data/chexlocalize/CheXpert/test/patient65193/study1/view1_frontal.jpg,0.0,65193,-1.5789625644683838
data/chexlocalize/CheXpert/test/patient65194/study1/view1_frontal.jpg,0.0,65194,-0.25118041038513184
data/chexlocalize/CheXpert/test/patient65195/study1/view1_frontal.jpg,0.0,65195,-1.8898208141326904
data/chexlocalize/CheXpert/test/patient65196/study1/view1_frontal.jpg,0.0,65196,-1.7140663862228394
data/chexlocalize/CheXpert/test/patient65197/study1/view1_frontal.jpg,0.0,65197,-0.05186809226870537
data/chexlocalize/CheXpert/test/patient65198/study1/view1_frontal.jpg,0.0,65198,-0.16687966883182526
data/chexlocalize/CheXpert/test/patient65199/study1/view1_frontal.jpg,0.0,65199,-0.017387788742780685
data/chexlocalize/CheXpert/test/patient65200/study1/view1_frontal.jpg,0.0,65200,-0.27980130910873413
data/chexlocalize/CheXpert/test/patient65201/study1/view1_frontal.jpg,0.0,65201,-2.4809365272521973
data/chexlocalize/CheXpert/test/patient65202/study1/view1_frontal.jpg,0.0,65202,-2.1696529388427734
data/chexlocalize/CheXpert/test/patient65203/study1/view1_frontal.jpg,0.0,65203,-0.8725972175598145
data/chexlocalize/CheXpert/test/patient65204/study1/view1_frontal.jpg,0.0,65204,-1.9338666200637817
data/chexlocalize/CheXpert/test/patient65205/study1/view1_frontal.jpg,0.0,65205,-2.9696993827819824
data/chexlocalize/CheXpert/test/patient65206/study1/view1_frontal.jpg,0.0,65206,-0.11394795775413513
data/chexlocalize/CheXpert/test/patient65207/study1/view1_frontal.jpg,0.0,65207,-0.3841747045516968
data/chexlocalize/CheXpert/test/patient65208/study1/view1_frontal.jpg,0.0,65208,-2.1130013465881348
data/chexlocalize/CheXpert/test/patient65209/study1/view1_frontal.jpg,0.0,65209,-0.11486063152551651
data/chexlocalize/CheXpert/test/patient65210/study1/view1_frontal.jpg,0.0,65210,-1.0527260303497314
data/chexlocalize/CheXpert/test/patient65211/study1/view1_frontal.jpg,0.0,65211,-1.0530517101287842
data/chexlocalize/CheXpert/test/patient65212/study1/view1_frontal.jpg,0.0,65212,-1.121212363243103
data/chexlocalize/CheXpert/test/patient65213/study1/view1_frontal.jpg,0.0,65213,-0.8606777787208557
data/chexlocalize/CheXpert/test/patient65214/study1/view1_frontal.jpg,0.0,65214,-0.42937982082366943
data/chexlocalize/CheXpert/test/patient65215/study1/view1_frontal.jpg,0.0,65215,-0.3896295726299286
data/chexlocalize/CheXpert/test/patient65216/study1/view1_frontal.jpg,0.0,65216,-0.024243777617812157
data/chexlocalize/CheXpert/test/patient65217/study1/view1_frontal.jpg,0.0,65217,-0.09020701795816422
data/chexlocalize/CheXpert/test/patient65218/study1/view1_frontal.jpg,0.0,65218,-1.5877317190170288
data/chexlocalize/CheXpert/test/patient65219/study1/view1_frontal.jpg,0.0,65219,-0.3465239703655243
data/chexlocalize/CheXpert/test/patient65220/study1/view1_frontal.jpg,0.0,65220,-2.1825528144836426
data/chexlocalize/CheXpert/test/patient65221/study1/view1_frontal.jpg,0.0,65221,-0.7214220762252808
data/chexlocalize/CheXpert/test/patient65222/study1/view1_frontal.jpg,0.0,65222,-1.7175040245056152
data/chexlocalize/CheXpert/test/patient65223/study1/view1_frontal.jpg,0.0,65223,-1.6293809413909912
data/chexlocalize/CheXpert/test/patient65224/study1/view1_frontal.jpg,0.0,65224,-1.0727437734603882
data/chexlocalize/CheXpert/test/patient65225/study1/view1_frontal.jpg,0.0,65225,-1.7382981777191162
data/chexlocalize/CheXpert/test/patient65226/study1/view1_frontal.jpg,0.0,65226,-0.1113569587469101
data/chexlocalize/CheXpert/test/patient65227/study1/view1_frontal.jpg,0.0,65227,-1.632760763168335
data/chexlocalize/CheXpert/test/patient65228/study1/view1_frontal.jpg,0.0,65228,-0.02343788929283619
data/chexlocalize/CheXpert/test/patient65229/study1/view1_frontal.jpg,0.0,65229,-0.013644181191921234
data/chexlocalize/CheXpert/test/patient65230/study1/view1_frontal.jpg,0.0,65230,-0.6965335011482239
data/chexlocalize/CheXpert/test/patient65231/study1/view1_frontal.jpg,0.0,65231,-0.811208963394165
data/chexlocalize/CheXpert/test/patient65232/study1/view1_frontal.jpg,0.0,65232,-0.05871164798736572
data/chexlocalize/CheXpert/test/patient65233/study1/view1_frontal.jpg,0.0,65233,-0.25529512763023376
data/chexlocalize/CheXpert/test/patient65234/study1/view1_frontal.jpg,0.0,65234,-1.8424429893493652
data/chexlocalize/CheXpert/test/patient65235/study1/view1_frontal.jpg,0.0,65235,-0.02637418732047081
data/chexlocalize/CheXpert/test/patient65236/study1/view1_frontal.jpg,0.0,65236,-0.0526517890393734
data/chexlocalize/CheXpert/test/patient65237/study1/view1_frontal.jpg,0.0,65237,-0.027011137455701828
data/chexlocalize/CheXpert/test/patient65238/study1/view1_frontal.jpg,0.0,65238,-0.9317625164985657
data/chexlocalize/CheXpert/test/patient65239/study1/view1_frontal.jpg,0.0,65239,-0.7477408647537231
data/chexlocalize/CheXpert/test/patient65240/study1/view1_frontal.jpg,0.0,65240,-1.9781509637832642
