path,member,patient,head_run1,head_run2
data/chexlocalize/CheXpert/val/patient64541/study1/view1_frontal.jpg,1.0,64541,-5.140664577484131,-5.133033752441406
data/chexlocalize/CheXpert/val/patient64542/study1/view1_frontal.jpg,1.0,64542,-5.076025485992432,-5.069075107574463
data/chexlocalize/CheXpert/val/patient64543/study1/view1_frontal.jpg,1.0,64543,-5.392642498016357,-5.75368070602417
data/chexlocalize/CheXpert/val/patient64544/study1/view1_frontal.jpg,1.0,64544,-5.0829668045043945,-4.928496360778809
data/chexlocalize/CheXpert/val/patient64545/study1/view1_frontal.jpg,1.0,64545,-4.952859401702881,-5.803177833557129
data/chexlocalize/CheXpert/val/patient64546/study1/view1_frontal.jpg,1.0,64546,-5.15354061126709,-4.959634780883789
data/chexlocalize/CheXpert/val/patient64547/study1/view1_frontal.jpg,1.0,64547,-5.703485488891602,-5.386349678039551
data/chexlocalize/CheXpert/val/patient64547/study1/view2_frontal.jpg,1.0,64547,-5.639959335327148,-5.351414680480957
data/chexlocalize/CheXpert/val/patient64548/study1/view1_frontal.jpg,1.0,64548,-5.567078113555908,-5.5956339836120605
data/chexlocalize/CheXpert/val/patient64549/study1/view1_frontal.jpg,1.0,64549,-4.9884209632873535,-5.3973307609558105
data/chexlocalize/CheXpert/val/patient64550/study1/view1_frontal.jpg,1.0,64550,-4.965366363525391,-5.205153465270996
data/chexlocalize/CheXpert/val/patient64551/study1/view1_frontal.jpg,1.0,64551,-4.882010459899902,-5.223258972167969
data/chexlocalize/CheXpert/val/patient64552/study1/view1_frontal.jpg,1.0,64552,-4.907113552093506,-5.250333786010742
data/chexlocalize/CheXpert/val/patient64553/study1/view1_frontal.jpg,1.0,64553,-5.519738674163818,-5.369235515594482
data/chexlocalize/CheXpert/val/patient64554/study1/view1_frontal.jpg,1.0,64554,-4.937358379364014,-5.144189357757568
data/chexlocalize/CheXpert/val/patient64555/study1/view1_frontal.jpg,1.0,64555,-5.69923210144043,-5.413571357727051
data/chexlocalize/CheXpert/val/patient64556/study1/view1_frontal.jpg,1.0,64556,-5.238629341125488,-5.027929306030273
data/chexlocalize/CheXpert/val/patient64557/study1/view1_frontal.jpg,1.0,64557,-5.6545281410217285,-5.438130855560303
data/chexlocalize/CheXpert/val/patient64558/study1/view1_frontal.jpg,1.0,64558,-5.484604358673096,-5.276010036468506
data/chexlocalize/CheXpert/val/patient64559/study1/view1_frontal.jpg,1.0,64559,-5.692422389984131,-5.36408805847168
data/chexlocalize/CheXpert/val/patient64560/study1/view1_frontal.jpg,1.0,64560,-5.368676662445068,-5.355772018432617
data/chexlocalize/CheXpert/val/patient64561/study1/view1_frontal.jpg,1.0,64561,-5.400270462036133,-5.154200553894043
data/chexlocalize/CheXpert/val/patient64562/study1/view1_frontal.jpg,1.0,64562,-4.779689311981201,-5.076333522796631
data/chexlocalize/CheXpert/val/patient64563/study1/view1_frontal.jpg,1.0,64563,-5.24757719039917,-5.379150867462158
data/chexlocalize/CheXpert/val/patient64564/study1/view1_frontal.jpg,1.0,64564,-5.166691780090332,-5.675353527069092
data/chexlocalize/CheXpert/val/patient64565/study1/view1_frontal.jpg,1.0,64565,-5.041260719299316,-5.123805999755859
data/chexlocalize/CheXpert/val/patient64566/study1/view1_frontal.jpg,1.0,64566,-5.664975166320801,-5.822455406188965
data/chexlocalize/CheXpert/val/patient64567/study1/view1_frontal.jpg,1.0,64567,-5.685177326202393,-5.409379482269287
data/chexlocalize/CheXpert/val/patient64568/study1/view1_frontal.jpg,1.0,64568,-4.941000461578369,-5.233123302459717
data/chexlocalize/CheXpert/val/patient64569/study1/view1_frontal.jpg,1.0,64569,-5.215877532958984,-5.823629379272461
data/chexlocalize/CheXpert/val/patient64570/study1/view1_frontal.jpg,1.0,64570,-5.3700337409973145,-5.495798587799072
data/chexlocalize/CheXpert/val/patient64571/study1/view1_frontal.jpg,1.0,64571,-5.5009236335754395,-5.261961460113525
data/chexlocalize/CheXpert/val/patient64572/study1/view1_frontal.jpg,1.0,64572,-5.029851913452148,-5.085113048553467
data/chexlocalize/CheXpert/val/patient64573/study1/view1_frontal.jpg,1.0,64573,-5.441545486450195,-4.998630046844482
data/chexlocalize/CheXpert/val/patient64574/study1/view1_frontal.jpg,1.0,64574,-4.921929359436035,-5.3148088455200195
data/chexlocalize/CheXpert/val/patient64575/study1/view1_frontal.jpg,1.0,64575,-5.115682601928711,-5.2456159591674805
data/chexlocalize/CheXpert/val/patient64576/study1/view1_frontal.jpg,1.0,64576,-5.240701198577881,-5.1839776039123535
data/chexlocalize/CheXpert/val/patient64577/study1/view1_frontal.jpg,1.0,64577,-5.4700822830200195,-5.054812908172607
data/chexlocalize/CheXpert/val/patient64578/study1/view1_frontal.jpg,1.0,64578,-4.916868209838867,-4.92125940322876
data/chexlocalize/CheXpert/val/patient64579/study1/view1_frontal.jpg,1.0,64579,-5.668198585510254,-5.46988582611084
data/chexlocalize/CheXpert/val/patient64580/study1/view1_frontal.jpg,1.0,64580,-5.143510341644287,-5.134690284729004
data/chexlocalize/CheXpert/val/patient64581/study1/view1_frontal.jpg,1.0,64581,-5.650307655334473,-5.946895122528076
data/chexlocalize/CheXpert/val/patient64581/study1/view2_frontal.jpg,1.0,64581,-5.458344459533691,-5.441461086273193
data/chexlocalize/CheXpert/val/patient64582/study1/view1_frontal.jpg,1.0,64582,-5.531397342681885,-5.848260402679443
data/chexlocalize/CheXpert/val/patient64583/study1/view1_frontal.jpg,1.0,64583,-5.117697715759277,-5.024501800537109
data/chexlocalize/CheXpert/val/patient64584/study1/view1_frontal.jpg,1.0,64584,-5.26472282409668,-5.245660781860352
data/chexlocalize/CheXpert/val/patient64585/study1/view1_frontal.jpg,1.0,64585,-5.533987998962402,-5.514232158660889
data/chexlocalize/CheXpert/val/patient64586/study1/view1_frontal.jpg,1.0,64586,-5.56753396987915,-5.33942174911499
data/chexlocalize/CheXpert/val/patient64587/study1/view1_frontal.jpg,1.0,64587,-5.309548854827881,-5.094268798828125
data/chexlocalize/CheXpert/val/patient64588/study1/view1_frontal.jpg,1.0,64588,-5.334661483764648,-5.6390767097473145
data/chexlocalize/CheXpert/val/patient64589/study1/view1_frontal.jpg,1.0,64589,-5.48720645904541,-5.505856037139893
data/chexlocalize/CheXpert/val/patient64590/study1/view1_frontal.jpg,1.0,64590,-5.927332878112793,-5.674749851226807
data/chexlocalize/CheXpert/val/patient64591/study1/view1_frontal.jpg,1.0,64591,-5.001334190368652,-5.061378002166748
data/chexlocalize/CheXpert/val/patient64592/study1/view1_frontal.jpg,1.0,64592,-5.073771953582764,-5.357845783233643
data/chexlocalize/CheXpert/val/patient64593/study1/view1_frontal.jpg,1.0,64593,-5.644449710845947,-5.690121650695801
data/chexlocalize/CheXpert/val/patient64594/study1/view1_frontal.jpg,1.0,64594,-5.426023483276367,-5.289772033691406
data/chexlocalize/CheXpert/val/patient64595/study1/view1_frontal.jpg,1.0,64595,-5.907872200012207,-5.76735258102417
data/chexlocalize/CheXpert/val/patient64596/study1/view1_frontal.jpg,1.0,64596,-6.375528812408447,-6.168759346008301
data/chexlocalize/CheXpert/val/patient64597/study1/view1_frontal.jpg,1.0,64597,-5.271330833435059,-5.483740329742432
data/chexlocalize/CheXpert/val/patient64598/study1/view1_frontal.jpg,1.0,64598,-4.9752702713012695,-5.482924938201904
data/chexlocalize/CheXpert/val/patient64599/study1/view1_frontal.jpg,1.0,64599,-5.597393989562988,-5.609887599945068
data/chexlocalize/CheXpert/val/patient64600/study1/view1_frontal.jpg,1.0,64600,-5.524499416351318,-5.747243881225586
data/chexlocalize/CheXpert/val/patient64601/study1/view1_frontal.jpg,1.0,64601,-5.200646877288818,-4.971529006958008
data/chexlocalize/CheXpert/val/patient64602/study1/view1_frontal.jpg,1.0,64602,-5.853455066680908,-5.817869663238525
data/chexlocalize/CheXpert/val/patient64603/study1/view1_frontal.jpg,1.0,64603,-5.841917037963867,-6.091154098510742
data/chexlocalize/CheXpert/val/patient64604/study1/view1_frontal.jpg,1.0,64604,-6.056351184844971,-5.167719841003418
data/chexlocalize/CheXpert/val/patient64605/study1/view1_frontal.jpg,1.0,64605,-4.897742748260498,-5.040538311004639
data/chexlocalize/CheXpert/val/patient64606/study1/view1_frontal.jpg,1.0,64606,-5.1675615310668945,-5.2713823318481445
data/chexlocalize/CheXpert/val/patient64607/study1/view1_frontal.jpg,1.0,64607,-5.240867614746094,-5.2400102615356445
data/chexlocalize/CheXpert/val/patient64608/study1/view1_frontal.jpg,1.0,64608,-5.858858585357666,-5.99717903137207
data/chexlocalize/CheXpert/val/patient64609/study1/view1_frontal.jpg,1.0,64609,-5.271350383758545,-5.180388927459717
data/chexlocalize/CheXpert/val/patient64610/study1/view1_frontal.jpg,1.0,64610,-5.741166114807129,-6.0471577644348145
data/chexlocalize/CheXpert/val/patient64611/study1/view1_frontal.jpg,1.0,64611,-5.478079795837402,-5.341233730316162
data/chexlocalize/CheXpert/val/patient64612/study1/view1_frontal.jpg,1.0,64612,-5.294043064117432,-5.071483612060547
data/chexlocalize/CheXpert/val/patient64613/study1/view1_frontal.jpg,1.0,64613,-5.04903507232666,-5.040884971618652
data/chexlocalize/CheXpert/val/patient64614/study1/view1_frontal.jpg,1.0,64614,-5.186280727386475,-5.408669948577881
data/chexlocalize/CheXpert/val/patient64615/study1/view1_frontal.jpg,1.0,64615,-5.549742698669434,-5.378022193908691
data/chexlocalize/CheXpert/val/patient64616/study1/view1_frontal.jpg,1.0,64616,-4.993844985961914,-5.070196151733398
data/chexlocalize/CheXpert/val/patient64617/study1/view1_frontal.jpg,1.0,64617,-4.926446437835693,-5.1241631507873535
data/chexlocalize/CheXpert/val/patient64618/study1/view1_frontal.jpg,1.0,64618,-6.147508144378662,-5.837733745574951
data/chexlocalize/CheXpert/val/patient64619/study1/view1_frontal.jpg,1.0,64619,-5.025555610656738,-5.630451679229736
data/chexlocalize/CheXpert/val/patient64620/study1/view1_frontal.jpg,1.0,64620,-5.55903959274292,-5.530402183532715
data/chexlocalize/CheXpert/val/patient64621/study1/view1_frontal.jpg,1.0,64621,-4.936137676239014,-5.242314338684082
data/chexlocalize/CheXpert/val/patient64622/study1/view1_frontal.jpg,1.0,64622,-5.140521049499512,-5.160974502563477
data/chexlocalize/CheXpert/val/patient64623/study1/view1_frontal.jpg,1.0,64623,-5.675708293914795,-5.4044013023376465
data/chexlocalize/CheXpert/val/patient64624/study1/view1_frontal.jpg,1.0,64624,-5.678337574005127,-5.3863911628723145
data/chexlocalize/CheXpert/val/patient64625/study1/view1_frontal.jpg,1.0,64625,-5.422186851501465,-5.459039211273193
data/chexlocalize/CheXpert/val/patient64626/study1/view1_frontal.jpg,1.0,64626,-5.173863410949707,-5.7915849685668945
data/chexlocalize/CheXpert/val/patient64627/study1/view1_frontal.jpg,1.0,64627,-5.079858779907227,-5.404561996459961
data/chexlocalize/CheXpert/val/patient64628/study1/view1_frontal.jpg,1.0,64628,-5.575835227966309,-5.501739978790283
data/chexlocalize/CheXpert/val/patient64629/study1/view1_frontal.jpg,1.0,64629,-5.184335708618164,-5.753541469573975
data/chexlocalize/CheXpert/val/patient64630/study1/view1_frontal.jpg,1.0,64630,-5.493224143981934,-5.395752429962158
data/chexlocalize/CheXpert/val/patient64631/study1/view1_frontal.jpg,1.0,64631,-5.214842319488525,-5.711867332458496
data/chexlocalize/CheXpert/val/patient64632/study1/view1_frontal.jpg,1.0,64632,-5.130086898803711,-5.004735946655273
data/chexlocalize/CheXpert/val/patient64633/study1/view1_frontal.jpg,1.0,64633,-5.23182487487793,-5.158473014831543
data/chexlocalize/CheXpert/val/patient64634/study1/view1_frontal.jpg,1.0,64634,-5.810088157653809,-5.5327043533325195
data/chexlocalize/CheXpert/val/patient64635/study1/view1_frontal.jpg,1.0,64635,-5.101211071014404,-5.2689995765686035
data/chexlocalize/CheXpert/val/patient64636/study1/view1_frontal.jpg,1.0,64636,-5.508622646331787,-5.745406150817871
data/chexlocalize/CheXpert/val/patient64637/study1/view1_frontal.jpg,1.0,64637,-5.4734206199646,-5.445598125457764
data/chexlocalize/CheXpert/val/patient64638/study1/view1_frontal.jpg,1.0,64638,-5.580315113067627,-5.955336570739746
data/chexlocalize/CheXpert/val/patient64639/study1/view1_frontal.jpg,1.0,64639,-5.668332099914551,-5.631993293762207
data/chexlocalize/CheXpert/val/patient64640/study1/view1_frontal.jpg,1.0,64640,-5.813108444213867,-5.74875020980835
data/chexlocalize/CheXpert/val/patient64641/study1/view1_frontal.jpg,1.0,64641,-5.520967960357666,-5.991272926330566
data/chexlocalize/CheXpert/val/patient64642/study1/view1_frontal.jpg,1.0,64642,-5.7728753089904785,-5.44386100769043
data/chexlocalize/CheXpert/val/patient64643/study1/view1_frontal.jpg,1.0,64643,-5.639711380004883,-5.353933334350586
data/chexlocalize/CheXpert/val/patient64644/study1/view1_frontal.jpg,1.0,64644,-5.283847332000732,-5.131242275238037
data/chexlocalize/CheXpert/val/patient64645/study1/view1_frontal.jpg,1.0,64645,-5.742477893829346,-5.781799793243408
data/chexlocalize/CheXpert/val/patient64646/study1/view1_frontal.jpg,1.0,64646,-5.543705940246582,-5.127789497375488
data/chexlocalize/CheXpert/val/patient64647/study1/view1_frontal.jpg,1.0,64647,-4.9223833084106445,-4.854490756988525
data/chexlocalize/CheXpert/val/patient64648/study1/view1_frontal.jpg,1.0,64648,-5.6020026206970215,-5.5334038734436035
data/chexlocalize/CheXpert/val/patient64649/study1/view1_frontal.jpg,1.0,64649,-5.350793838500977,-5.679566860198975
data/chexlocalize/CheXpert/val/patient64650/study1/view1_frontal.jpg,1.0,64650,-5.065589427947998,-5.416759014129639
data/chexlocalize/CheXpert/val/patient64651/study1/view1_frontal.jpg,1.0,64651,-4.709621429443359,-5.064718246459961
data/chexlocalize/CheXpert/val/patient64652/study1/view1_frontal.jpg,1.0,64652,-5.870480537414551,-5.910883903503418
data/chexlocalize/CheXpert/val/patient64653/study1/view1_frontal.jpg,1.0,64653,-5.729781150817871,-5.945720195770264
data/chexlocalize/CheXpert/val/patient64654/study1/view1_frontal.jpg,1.0,64654,-5.253629207611084,-5.596951484680176
data/chexlocalize/CheXpert/val/patient64655/study1/view1_frontal.jpg,1.0,64655,-5.372486591339111,-5.346527576446533
data/chexlocalize/CheXpert/val/patient64656/study1/view1_frontal.jpg,1.0,64656,-5.901613712310791,-5.686143398284912
data/chexlocalize/CheXpert/val/patient64657/study1/view1_frontal.jpg,1.0,64657,-5.299288272857666,-5.440592288970947
data/chexlocalize/CheXpert/val/patient64658/study1/view1_frontal.jpg,1.0,64658,-5.575815677642822,-5.4536662101745605
data/chexlocalize/CheXpert/val/patient64659/study1/view1_frontal.jpg,1.0,64659,-6.052896022796631,-6.413031101226807
data/chexlocalize/CheXpert/val/patient64660/study1/view1_frontal.jpg,1.0,64660,-6.1323161125183105,-5.952395439147949
data/chexlocalize/CheXpert/val/patient64661/study1/view1_frontal.jpg,1.0,64661,-5.6263346672058105,-5.520294666290283
data/chexlocalize/CheXpert/val/patient64662/study1/view1_frontal.jpg,1.0,64662,-5.315503120422363,-4.995227336883545
data/chexlocalize/CheXpert/val/patient64663/study1/view1_frontal.jpg,1.0,64663,-5.2117204666137695,-5.295732021331787
data/chexlocalize/CheXpert/val/patient64664/study1/view1_frontal.jpg,1.0,64664,-5.522181510925293,-5.366459369659424
data/chexlocalize/CheXpert/val/patient64665/study1/view1_frontal.jpg,1.0,64665,-5.170019149780273,-5.054045677185059
data/chexlocalize/CheXpert/val/patient64666/study1/view1_frontal.jpg,1.0,64666,-5.504305839538574,-5.5607008934021
data/chexlocalize/CheXpert/val/patient64667/study1/view1_frontal.jpg,1.0,64667,-4.821872234344482,-5.6104302406311035
data/chexlocalize/CheXpert/val/patient64668/study1/view1_frontal.jpg,1.0,64668,-5.143278121948242,-5.548142910003662
data/chexlocalize/CheXpert/val/patient64669/study1/view1_frontal.jpg,1.0,64669,-5.618386268615723,-5.4109206199646
data/chexlocalize/CheXpert/val/patient64670/study1/view1_frontal.jpg,1.0,64670,-4.89199161529541,-4.877742767333984
data/chexlocalize/CheXpert/val/patient64671/study1/view1_frontal.jpg,1.0,64671,-5.14546537399292,-5.186007022857666
data/chexlocalize/CheXpert/val/patient64672/study1/view1_frontal.jpg,1.0,64672,-5.44394063949585,-5.222945213317871
data/chexlocalize/CheXpert/val/patient64673/study1/view1_frontal.jpg,1.0,64673,-5.104290962219238,-4.950456142425537
data/chexlocalize/CheXpert/val/patient64674/study1/view1_frontal.jpg,1.0,64674,-5.647080898284912,-5.760445594787598
data/chexlocalize/CheXpert/val/patient64675/study1/view1_frontal.jpg,1.0,64675,-5.263839244842529,-5.661067008972168
data/chexlocalize/CheXpert/val/patient64676/study1/view1_frontal.jpg,1.0,64676,-4.866929531097412,-4.933687210083008
data/chexlocalize/CheXpert/val/patient64677/study1/view1_frontal.jpg,1.0,64677,-5.041655540466309,-5.392619609832764
data/chexlocalize/CheXpert/val/patient64678/study1/view1_frontal.jpg,1.0,64678,-5.687079429626465,-5.435751438140869
data/chexlocalize/CheXpert/val/patient64679/study1/view1_frontal.jpg,1.0,64679,-5.701828956604004,-5.573542594909668
data/chexlocalize/CheXpert/val/patient64680/study1/view1_frontal.jpg,1.0,64680,-5.288743495941162,-5.73707914352417
data/chexlocalize/CheXpert/val/patient64681/study1/view1_frontal.jpg,1.0,64681,-5.292262077331543,-5.344333171844482
data/chexlocalize/CheXpert/val/patient64682/study1/view1_frontal.jpg,1.0,64682,-5.199163436889648,-5.804114818572998
data/chexlocalize/CheXpert/val/patient64683/study1/view1_frontal.jpg,1.0,64683,-5.498810768127441,-5.537517070770264
data/chexlocalize/CheXpert/val/patient64684/study1/view1_frontal.jpg,1.0,64684,-5.196039199829102,-5.558877468109131
data/chexlocalize/CheXpert/val/patient64685/study1/view1_frontal.jpg,1.0,64685,-4.990119457244873,-4.883042812347412
data/chexlocalize/CheXpert/val/patient64686/study1/view1_frontal.jpg,1.0,64686,-5.430482387542725,-5.524489402770996
data/chexlocalize/CheXpert/val/patient64687/study1/view1_frontal.jpg,1.0,64687,-5.480535507202148,-5.4128947257995605
data/chexlocalize/CheXpert/val/patient64688/study1/view1_frontal.jpg,1.0,64688,-5.55997371673584,-5.527041912078857
data/chexlocalize/CheXpert/val/patient64689/study1/view1_frontal.jpg,1.0,64689,-6.079770088195801,-5.373620510101318
data/chexlocalize/CheXpert/val/patient64690/study1/view1_frontal.jpg,1.0,64690,-5.188658714294434,-5.184022426605225
data/chexlocalize/CheXpert/val/patient64691/study1/view1_frontal.jpg,1.0,64691,-5.262247085571289,-5.212900161743164
data/chexlocalize/CheXpert/val/patient64692/study1/view1_frontal.jpg,1.0,64692,-5.50721549987793,-5.057223796844482
data/chexlocalize/CheXpert/val/patient64693/study1/view1_frontal.jpg,1.0,64693,-5.793169975280762,-5.619292259216309
data/chexlocalize/CheXpert/val/patient64694/study1/view1_frontal.jpg,1.0,64694,-5.135891914367676,-4.988352298736572
data/chexlocalize/CheXpert/val/patient64695/study1/view1_frontal.jpg,1.0,64695,-4.873416423797607,-4.882909297943115
data/chexlocalize/CheXpert/val/patient64696/study1/view1_frontal.jpg,1.0,64696,-5.087435245513916,-4.9899139404296875
data/chexlocalize/CheXpert/val/patient64697/study1/view1_frontal.jpg,1.0,64697,-5.378468036651611,-4.997613430023193
data/chexlocalize/CheXpert/val/patient64698/study1/view1_frontal.jpg,1.0,64698,-5.184472560882568,-5.207037925720215
data/chexlocalize/CheXpert/val/patient64699/study1/view1_frontal.jpg,1.0,64699,-5.203399658203125,-4.907402038574219
data/chexlocalize/CheXpert/val/patient64700/study1/view1_frontal.jpg,1.0,64700,-5.100322246551514,-5.1140618324279785
data/chexlocalize/CheXpert/val/patient64701/study1/view1_frontal.jpg,1.0,64701,-5.552271366119385,-5.221869945526123
data/chexlocalize/CheXpert/val/patient64702/study1/view1_frontal.jpg,1.0,64702,-5.821809768676758,-5.841192245483398
data/chexlocalize/CheXpert/val/patient64703/study1/view1_frontal.jpg,1.0,64703,-5.384608745574951,-5.277419567108154
data/chexlocalize/CheXpert/val/patient64704/study1/view1_frontal.jpg,1.0,64704,-5.138312816619873,-5.157848358154297
data/chexlocalize/CheXpert/val/patient64705/study1/view1_frontal.jpg,1.0,64705,-5.042378902435303,-5.78578519821167
data/chexlocalize/CheXpert/val/patient64706/study1/view1_frontal.jpg,1.0,64706,-5.682582378387451,-5.326265811920166
data/chexlocalize/CheXpert/val/patient64707/study1/view1_frontal.jpg,1.0,64707,-5.345288276672363,-5.22993803024292
data/chexlocalize/CheXpert/val/patient64708/study1/view1_frontal.jpg,1.0,64708,-5.355657577514648,-5.693548202514648
data/chexlocalize/CheXpert/val/patient64709/study1/view1_frontal.jpg,1.0,64709,-6.039270401000977,-5.313121318817139
data/chexlocalize/CheXpert/val/patient64710/study1/view1_frontal.jpg,1.0,64710,-5.260676383972168,-5.155745506286621
data/chexlocalize/CheXpert/val/patient64711/study1/view1_frontal.jpg,1.0,64711,-5.646746635437012,-5.550646781921387
data/chexlocalize/CheXpert/val/patient64712/study1/view1_frontal.jpg,1.0,64712,-5.355728626251221,-5.361992359161377
data/chexlocalize/CheXpert/val/patient64713/study1/view1_frontal.jpg,1.0,64713,-5.455450057983398,-5.688845634460449
data/chexlocalize/CheXpert/val/patient64714/study1/view1_frontal.jpg,1.0,64714,-5.372427940368652,-5.494276523590088
data/chexlocalize/CheXpert/val/patient64715/study1/view1_frontal.jpg,1.0,64715,-5.212202072143555,-5.694571018218994
data/chexlocalize/CheXpert/val/patient64716/study1/view1_frontal.jpg,1.0,64716,-4.972479820251465,-5.064111709594727
data/chexlocalize/CheXpert/val/patient64717/study1/view1_frontal.jpg,1.0,64717,-5.412217617034912,-5.402982234954834
data/chexlocalize/CheXpert/val/patient64718/study1/view1_frontal.jpg,1.0,64718,-5.344427108764648,-5.072293281555176
data/chexlocalize/CheXpert/val/patient64719/study1/view1_frontal.jpg,1.0,64719,-5.8063554763793945,-5.685797691345215
data/chexlocalize/CheXpert/val/patient64720/study1/view1_frontal.jpg,1.0,64720,-5.531123638153076,-5.363394737243652
data/chexlocalize/CheXpert/val/patient64721/study1/view1_frontal.jpg,1.0,64721,-6.048211574554443,-5.879982948303223
data/chexlocalize/CheXpert/val/patient64722/study1/view1_frontal.jpg,1.0,64722,-5.660771369934082,-5.096783638000488
data/chexlocalize/CheXpert/val/patient64723/study1/view1_frontal.jpg,1.0,64723,-5.138051986694336,-5.044633388519287
data/chexlocalize/CheXpert/val/patient64724/study1/view1_frontal.jpg,1.0,64724,-5.269876003265381,-5.247016906738281
data/chexlocalize/CheXpert/val/patient64725/study1/view1_frontal.jpg,1.0,64725,-5.862997055053711,-5.731713771820068
data/chexlocalize/CheXpert/val/patient64726/study1/view1_frontal.jpg,1.0,64726,-5.398464679718018,-5.2765092849731445
data/chexlocalize/CheXpert/val/patient64727/study1/view1_frontal.jpg,1.0,64727,-5.205305576324463,-5.061382293701172
data/chexlocalize/CheXpert/val/patient64728/study1/view1_frontal.jpg,1.0,64728,-5.180178165435791,-5.389709949493408
data/chexlocalize/CheXpert/val/patient64729/study1/view1_frontal.jpg,1.0,64729,-5.537271976470947,-5.991209030151367
data/chexlocalize/CheXpert/val/patient64730/study1/view1_frontal.jpg,1.0,64730,-4.986780643463135,-4.865752220153809
data/chexlocalize/CheXpert/val/patient64731/study1/view1_frontal.jpg,1.0,64731,-4.771376609802246,-4.876345634460449
data/chexlocalize/CheXpert/val/patient64732/study1/view1_frontal.jpg,1.0,64732,-5.297791957855225,-4.869032382965088
data/chexlocalize/CheXpert/val/patient64733/study1/view1_frontal.jpg,1.0,64733,-4.8561110496521,-5.6696882247924805
data/chexlocalize/CheXpert/val/patient64734/study1/view1_frontal.jpg,1.0,64734,-5.561549663543701,-5.791140079498291
data/chexlocalize/CheXpert/val/patient64735/study1/view1_frontal.jpg,1.0,64735,-5.074826240539551,-4.904603481292725
data/chexlocalize/CheXpert/val/patient64736/study1/view1_frontal.jpg,1.0,64736,-5.425090312957764,-5.528212070465088
data/chexlocalize/CheXpert/val/patient64737/study1/view1_frontal.jpg,1.0,64737,-5.440794944763184,-5.887506484985352
data/chexlocalize/CheXpert/val/patient64738/study1/view1_frontal.jpg,1.0,64738,-5.39699649810791,-5.814175128936768
data/chexlocalize/CheXpert/val/patient64739/study1/view1_frontal.jpg,1.0,64739,-5.079263210296631,-4.879193305969238
data/chexlocalize/CheXpert/val/patient64740/study1/view1_frontal.jpg,1.0,64740,-5.33198356628418,-5.395462989807129
data/chexlocalize/CheXpert/test/patient64741/study1/view1_frontal.jpg,0.0,64741,-4.961286544799805,-4.919710159301758
data/chexlocalize/CheXpert/test/patient64742/study1/view1_frontal.jpg,0.0,64742,-5.790977954864502,-5.566624641418457
data/chexlocalize/CheXpert/test/patient64743/study1/view1_frontal.jpg,0.0,64743,-5.2648468017578125,-5.532503604888916
data/chexlocalize/CheXpert/test/patient64744/study1/view1_frontal.jpg,0.0,64744,-5.126863956451416,-5.014853477478027
data/chexlocalize/CheXpert/test/patient64745/study1/view1_frontal.jpg,0.0,64745,-5.476290702819824,-5.37509298324585
data/chexlocalize/CheXpert/test/patient64746/study1/view1_frontal.jpg,0.0,64746,-5.888208866119385,-5.7237229347229
data/chexlocalize/CheXpert/test/patient64747/study1/view1_frontal.jpg,0.0,64747,-5.3412957191467285,-5.329921722412109
data/chexlocalize/CheXpert/test/patient64748/study1/view1_frontal.jpg,0.0,64748,-5.348959445953369,-6.0487799644470215
data/chexlocalize/CheXpert/test/patient64749/study1/view1_frontal.jpg,0.0,64749,-5.572065353393555,-5.361379623413086
data/chexlocalize/CheXpert/test/patient64750/study1/view1_frontal.jpg,0.0,64750,-4.872647285461426,-5.2159295082092285
data/chexlocalize/CheXpert/test/patient64751/study1/view1_frontal.jpg,0.0,64751,-5.101544380187988,-5.154502868652344
data/chexlocalize/CheXpert/test/patient64752/study1/view1_frontal.jpg,0.0,64752,-4.886285305023193,-5.255865097045898
data/chexlocalize/CheXpert/test/patient64753/study1/view1_frontal.jpg,0.0,64753,-5.599532604217529,-5.703761577606201
data/chexlocalize/CheXpert/test/patient64754/study1/view1_frontal.jpg,0.0,64754,-5.4338860511779785,-5.369412422180176
data/chexlocalize/CheXpert/test/patient64755/study1/view1_frontal.jpg,0.0,64755,-5.765807151794434,-5.815442085266113
data/chexlocalize/CheXpert/test/patient64756/study1/view1_frontal.jpg,0.0,64756,-5.182461738586426,-5.09935998916626
data/chexlocalize/CheXpert/test/patient64757/study1/view1_frontal.jpg,0.0,64757,-5.263204574584961,-5.437119960784912
data/chexlocalize/CheXpert/test/patient64758/study1/view1_frontal.jpg,0.0,64758,-5.494399070739746,-5.821074485778809
data/chexlocalize/CheXpert/test/patient64759/study1/view1_frontal.jpg,0.0,64759,-5.605531215667725,-5.649625301361084
data/chexlocalize/CheXpert/test/patient64760/study1/view1_frontal.jpg,0.0,64760,-5.258754253387451,-5.4502034187316895
data/chexlocalize/CheXpert/test/patient64761/study1/view1_frontal.jpg,0.0,64761,-5.682254314422607,-5.539557456970215
data/chexlocalize/CheXpert/test/patient64762/study1/view1_frontal.jpg,0.0,64762,-5.569379806518555,-5.745524883270264
data/chexlocalize/CheXpert/test/patient64763/study1/view1_frontal.jpg,0.0,64763,-5.054973602294922,-5.395968914031982
data/chexlocalize/CheXpert/test/patient64764/study1/view1_frontal.jpg,0.0,64764,-5.014056205749512,-5.063197612762451
data/chexlocalize/CheXpert/test/patient64765/study1/view1_frontal.jpg,0.0,64765,-5.310038089752197,-4.913337707519531
data/chexlocalize/CheXpert/test/patient64766/study1/view1_frontal.jpg,0.0,64766,-5.011378288269043,-5.22450065612793
data/chexlocalize/CheXpert/test/patient64767/study1/view1_frontal.jpg,0.0,64767,-5.594812393188477,-5.780076503753662
data/chexlocalize/CheXpert/test/patient64768/study1/view1_frontal.jpg,0.0,64768,-5.665441513061523,-5.588111400604248
data/chexlocalize/CheXpert/test/patient64769/study1/view1_frontal.jpg,0.0,64769,-5.557661056518555,-5.286570072174072
data/chexlocalize/CheXpert/test/patient64770/study1/view1_frontal.jpg,0.0,64770,-5.611355304718018,-5.848257064819336
data/chexlocalize/CheXpert/test/patient64771/study1/view1_frontal.jpg,0.0,64771,-5.785556316375732,-5.7938923835754395
data/chexlocalize/CheXpert/test/patient64772/study1/view1_frontal.jpg,0.0,64772,-5.293822288513184,-4.9662370681762695
data/chexlocalize/CheXpert/test/patient64773/study1/view1_frontal.jpg,0.0,64773,-5.072782516479492,-5.262150764465332
data/chexlocalize/CheXpert/test/patient64774/study1/view1_frontal.jpg,0.0,64774,-5.510741233825684,-5.195196151733398
data/chexlocalize/CheXpert/test/patient64775/study1/view1_frontal.jpg,0.0,64775,-5.27126407623291,-5.282561779022217
data/chexlocalize/CheXpert/test/patient64776/study1/view1_frontal.jpg,0.0,64776,-5.777615070343018,-5.380059242248535
data/chexlocalize/CheXpert/test/patient64777/study1/view1_frontal.jpg,0.0,64777,-5.645098686218262,-5.688051223754883
data/chexlocalize/CheXpert/test/patient64778/study1/view1_frontal.jpg,0.0,64778,-5.829514026641846,-5.334981918334961
data/chexlocalize/CheXpert/test/patient64779/study1/view1_frontal.jpg,0.0,64779,-5.0278215408325195,-5.116378307342529
data/chexlocalize/CheXpert/test/patient64780/study1/view1_frontal.jpg,0.0,64780,-5.47067403793335,-5.547162055969238
data/chexlocalize/CheXpert/test/patient64781/study1/view1_frontal.jpg,0.0,64781,-5.3196120262146,-5.650036811828613
data/chexlocalize/CheXpert/test/patient64782/study1/view1_frontal.jpg,0.0,64782,-5.185884475708008,-5.033127784729004
data/chexlocalize/CheXpert/test/patient64783/study1/view1_frontal.jpg,0.0,64783,-5.860045433044434,-5.206430435180664
data/chexlocalize/CheXpert/test/patient64784/study1/view1_frontal.jpg,0.0,64784,-5.039059638977051,-5.978715419769287
data/chexlocalize/CheXpert/test/patient64785/study1/view1_frontal.jpg,0.0,64785,-5.077403545379639,-5.0903825759887695
data/chexlocalize/CheXpert/test/patient64786/study1/view1_frontal.jpg,0.0,64786,-5.107302188873291,-5.630368709564209
data/chexlocalize/CheXpert/test/patient64787/study1/view1_frontal.jpg,0.0,64787,-4.842752456665039,-4.8942413330078125
data/chexlocalize/CheXpert/test/patient64788/study1/view1_frontal.jpg,0.0,64788,-4.916888236999512,-5.237593650817871
data/chexlocalize/CheXpert/test/patient64789/study1/view1_frontal.jpg,0.0,64789,-5.373082160949707,-5.521519660949707
data/chexlocalize/CheXpert/test/patient64790/study1/view1_frontal.jpg,0.0,64790,-5.187643051147461,-5.233328819274902
data/chexlocalize/CheXpert/test/patient64791/study1/view1_frontal.jpg,0.0,64791,-5.610944747924805,-5.4871087074279785
data/chexlocalize/CheXpert/test/patient64791/study1/view2_frontal.jpg,0.0,64791,-5.58122444152832,-5.502109050750732
data/chexlocalize/CheXpert/test/patient64792/study1/view1_frontal.jpg,0.0,64792,-5.075860500335693,-5.010319709777832
data/chexlocalize/CheXpert/test/patient64793/study1/view1_frontal.jpg,0.0,64793,-5.7927327156066895,-5.761593341827393
data/chexlocalize/CheXpert/test/patient64794/study1/view1_frontal.jpg,0.0,64794,-5.612799644470215,-5.566221714019775
data/chexlocalize/CheXpert/test/patient64795/study1/view1_frontal.jpg,0.0,64795,-5.227155685424805,-5.153171062469482
data/chexlocalize/CheXpert/test/patient64796/study1/view1_frontal.jpg,0.0,64796,-5.232240200042725,-5.234029769897461
data/chexlocalize/CheXpert/test/patient64797/study1/view1_frontal.jpg,0.0,64797,-5.797562122344971,-5.6469316482543945
data/chexlocalize/CheXpert/test/patient64798/study1/view1_frontal.jpg,0.0,64798,-5.852788925170898,-5.846293926239014
data/chexlocalize/CheXpert/test/patient64799/study1/view1_frontal.jpg,0.0,64799,-5.726393222808838,-5.694937705993652
data/chexlocalize/CheXpert/test/patient64800/study1/view1_frontal.jpg,0.0,64800,-5.609259605407715,-5.157058238983154
data/chexlocalize/CheXpert/test/patient64801/study1/view1_frontal.jpg,0.0,64801,-5.272730350494385,-5.210483074188232
data/chexlocalize/CheXpert/test/patient64802/study1/view1_frontal.jpg,0.0,64802,-5.488525867462158,-5.407741069793701
data/chexlocalize/CheXpert/test/patient64803/study1/view1_frontal.jpg,0.0,64803,-5.756772994995117,-5.734155178070068
data/chexlocalize/CheXpert/test/patient64804/study1/view1_frontal.jpg,0.0,64804,-5.224979400634766,-5.143217086791992
data/chexlocalize/CheXpert/test/patient64805/study1/view1_frontal.jpg,0.0,64805,-5.380372047424316,-5.2752885818481445
data/chexlocalize/CheXpert/test/patient64806/study1/view1_frontal.jpg,0.0,64806,-5.379303932189941,-5.298460006713867
data/chexlocalize/CheXpert/test/patient64807/study1/view1_frontal.jpg,0.0,64807,-5.299399375915527,-5.195094585418701
data/chexlocalize/CheXpert/test/patient64808/study1/view1_frontal.jpg,0.0,64808,-5.64987850189209,-5.649839878082275
data/chexlocalize/CheXpert/test/patient64809/study1/view1_frontal.jpg,0.0,64809,-5.164834022521973,-5.132390975952148
data/chexlocalize/CheXpert/test/patient64809/study1/view2_frontal.jpg,0.0,64809,-5.068793296813965,-5.4253034591674805
data/chexlocalize/CheXpert/test/patient64810/study1/view1_frontal.jpg,0.0,64810,-5.006240367889404,-5.105511665344238
data/chexlocalize/CheXpert/test/patient64811/study1/view1_frontal.jpg,0.0,64811,-4.885652542114258,-5.1989898681640625
data/chexlocalize/CheXpert/test/patient64812/study1/view1_frontal.jpg,0.0,64812,-5.7459845542907715,-5.6423211097717285
data/chexlocalize/CheXpert/test/patient64812/study1/view2_frontal.jpg,0.0,64812,-5.864014148712158,-5.890011787414551
data/chexlocalize/CheXpert/test/patient64813/study1/view1_frontal.jpg,0.0,64813,-5.4758172035217285,-5.7890191078186035
data/chexlocalize/CheXpert/test/patient64814/study1/view1_frontal.jpg,0.0,64814,-5.7776103019714355,-5.4059858322143555
data/chexlocalize/CheXpert/test/patient64815/study1/view1_frontal.jpg,0.0,64815,-5.452151775360107,-5.077846050262451
data/chexlocalize/CheXpert/test/patient64816/study1/view1_frontal.jpg,0.0,64816,-5.622374534606934,-5.368066310882568
data/chexlocalize/CheXpert/test/patient64817/study1/view1_frontal.jpg,0.0,64817,-5.619043827056885,-5.682015419006348
data/chexlocalize/CheXpert/test/patient64818/study1/view1_frontal.jpg,0.0,64818,-5.4834675788879395,-5.182857036590576
data/chexlocalize/CheXpert/test/patient64819/study1/view1_frontal.jpg,0.0,64819,-5.450773239135742,-5.265016078948975
data/chexlocalize/CheXpert/test/patient64820/study1/view1_frontal.jpg,0.0,64820,-5.607138633728027,-5.479361534118652
data/chexlocalize/CheXpert/test/patient64821/study1/view1_frontal.jpg,0.0,64821,-5.008298873901367,-4.90109920501709
data/chexlocalize/CheXpert/test/patient64822/study1/view1_frontal.jpg,0.0,64822,-4.845268249511719,-5.205687999725342
data/chexlocalize/CheXpert/test/patient64823/study1/view1_frontal.jpg,0.0,64823,-5.186349391937256,-5.185311794281006
data/chexlocalize/CheXpert/test/patient64824/study1/view1_frontal.jpg,0.0,64824,-5.137930393218994,-4.981839179992676
data/chexlocalize/CheXpert/test/patient64825/study1/view1_frontal.jpg,0.0,64825,-5.645823955535889,-5.159010887145996
data/chexlocalize/CheXpert/test/patient64826/study1/view1_frontal.jpg,0.0,64826,-5.702353477478027,-5.4330573081970215
data/chexlocalize/CheXpert/test/patient64827/study1/view1_frontal.jpg,0.0,64827,-5.402524948120117,-5.753559589385986
data/chexlocalize/CheXpert/test/patient64827/study1/view2_frontal.jpg,0.0,64827,-5.5163044929504395,-6.3022541999816895
data/chexlocalize/CheXpert/test/patient64828/study1/view1_frontal.jpg,0.0,64828,-5.344618320465088,-5.379770755767822
data/chexlocalize/CheXpert/test/patient64829/study1/view1_frontal.jpg,0.0,64829,-5.088845252990723,-5.241198539733887
data/chexlocalize/CheXpert/test/patient64830/study1/view1_frontal.jpg,0.0,64830,-5.613516330718994,-5.330244541168213
data/chexlocalize/CheXpert/test/patient64831/study1/view1_frontal.jpg,0.0,64831,-5.419012069702148,-5.037164211273193
data/chexlocalize/CheXpert/test/patient64832/study1/view1_frontal.jpg,0.0,64832,-5.454203128814697,-5.01650333404541
data/chexlocalize/CheXpert/test/patient64833/study1/view1_frontal.jpg,0.0,64833,-5.369254112243652,-5.391951560974121
data/chexlocalize/CheXpert/test/patient64834/study1/view1_frontal.jpg,0.0,64834,-5.965308666229248,-5.67501974105835
data/chexlocalize/CheXpert/test/patient64835/study1/view1_frontal.jpg,0.0,64835,-5.544301509857178,-5.825160503387451
data/chexlocalize/CheXpert/test/patient64836/study1/view1_frontal.jpg,0.0,64836,-5.248885154724121,-5.215320587158203
data/chexlocalize/CheXpert/test/patient64837/study1/view1_frontal.jpg,0.0,64837,-5.564999103546143,-5.400017261505127
data/chexlocalize/CheXpert/test/patient64838/study1/view1_frontal.jpg,0.0,64838,-5.151878356933594,-6.009740352630615
data/chexlocalize/CheXpert/test/patient64839/study1/view1_frontal.jpg,0.0,64839,-5.715652942657471,-5.324925422668457
data/chexlocalize/CheXpert/test/patient64840/study1/view1_frontal.jpg,0.0,64840,-5.536738395690918,-5.679406642913818
data/chexlocalize/CheXpert/test/patient64841/study1/view1_frontal.jpg,0.0,64841,-5.343310832977295,-5.703341007232666
data/chexlocalize/CheXpert/test/patient64842/study1/view1_frontal.jpg,0.0,64842,-5.778323650360107,-5.8356032371521
data/chexlocalize/CheXpert/test/patient64843/study1/view1_frontal.jpg,0.0,64843,-4.872166633605957,-5.029086589813232
data/chexlocalize/CheXpert/test/patient64844/study1/view1_frontal.jpg,0.0,64844,-6.0134477615356445,-5.555603504180908
data/chexlocalize/CheXpert/test/patient64845/study1/view1_frontal.jpg,0.0,64845,-5.341192722320557,-5.691137313842773
data/chexlocalize/CheXpert/test/patient64846/study1/view1_frontal.jpg,0.0,64846,-5.657490253448486,-5.39271879196167
data/chexlocalize/CheXpert/test/patient64847/study1/view1_frontal.jpg,0.0,64847,-6.074417591094971,-5.416905403137207
data/chexlocalize/CheXpert/test/patient64848/study1/view1_frontal.jpg,0.0,64848,-5.562037467956543,-5.459657669067383
data/chexlocalize/CheXpert/test/patient64849/study1/view1_frontal.jpg,0.0,64849,-5.552269458770752,-5.515045642852783
data/chexlocalize/CheXpert/test/patient64850/study1/view1_frontal.jpg,0.0,64850,-5.546264171600342,-5.605469226837158
data/chexlocalize/CheXpert/test/patient64851/study1/view1_frontal.jpg,0.0,64851,-5.508780479431152,-5.656645774841309
data/chexlocalize/CheXpert/test/patient64852/study1/view1_frontal.jpg,0.0,64852,-5.144698619842529,-5.331748962402344
data/chexlocalize/CheXpert/test/patient64853/study1/view1_frontal.jpg,0.0,64853,-5.624869346618652,-5.548470973968506
data/chexlocalize/CheXpert/test/patient64854/study1/view1_frontal.jpg,0.0,64854,-5.213536739349365,-4.966279029846191
data/chexlocalize/CheXpert/test/patient64855/study1/view1_frontal.jpg,0.0,64855,-5.417952060699463,-5.126927852630615
data/chexlocalize/CheXpert/test/patient64856/study1/view1_frontal.jpg,0.0,64856,-5.141271114349365,-5.011529445648193
data/chexlocalize/CheXpert/test/patient64857/study1/view1_frontal.jpg,0.0,64857,-5.558352947235107,-5.461802005767822
data/chexlocalize/CheXpert/test/patient64858/study1/view1_frontal.jpg,0.0,64858,-4.990893840789795,-5.099113464355469
data/chexlocalize/CheXpert/test/patient64859/study1/view1_frontal.jpg,0.0,64859,-5.5127339363098145,-5.426016807556152
data/chexlocalize/CheXpert/test/patient64860/study1/view1_frontal.jpg,0.0,64860,-5.668593406677246,-5.2040605545043945
data/chexlocalize/CheXpert/test/patient64861/study1/view1_frontal.jpg,0.0,64861,-5.4875054359436035,-5.445462226867676
data/chexlocalize/CheXpert/test/patient64862/study1/view1_frontal.jpg,0.0,64862,-5.1603899002075195,-5.889551639556885
data/chexlocalize/CheXpert/test/patient64863/study1/view1_frontal.jpg,0.0,64863,-5.369736194610596,-5.13524866104126
data/chexlocalize/CheXpert/test/patient64864/study1/view1_frontal.jpg,0.0,64864,-5.240262508392334,-5.2731523513793945
data/chexlocalize/CheXpert/test/patient64865/study1/view1_frontal.jpg,0.0,64865,-5.532293319702148,-5.5306901931762695
data/chexlocalize/CheXpert/test/patient64866/study1/view1_frontal.jpg,0.0,64866,-5.128145694732666,-5.18989896774292
data/chexlocalize/CheXpert/test/patient64867/study1/view1_frontal.jpg,0.0,64867,-5.8724799156188965,-5.301217555999756
data/chexlocalize/CheXpert/test/patient64868/study1/view1_frontal.jpg,0.0,64868,-5.961726665496826,-5.758343696594238
data/chexlocalize/CheXpert/test/patient64869/study1/view1_frontal.jpg,0.0,64869,-5.966053485870361,-5.868232250213623
data/chexlocalize/CheXpert/test/patient64870/study1/view1_frontal.jpg,0.0,64870,-5.001768112182617,-4.982946395874023
data/chexlocalize/CheXpert/test/patient64870/study1/view2_frontal.jpg,0.0,64870,-5.004699230194092,-5.0031609535217285
data/chexlocalize/CheXpert/test/patient64871/study1/view1_frontal.jpg,0.0,64871,-5.084777355194092,-5.071368217468262
data/chexlocalize/CheXpert/test/patient64872/study1/view1_frontal.jpg,0.0,64872,-5.517128944396973,-5.71138858795166
data/chexlocalize/CheXpert/test/patient64873/study1/view1_frontal.jpg,0.0,64873,-5.161230087280273,-5.233395576477051
data/chexlocalize/CheXpert/test/patient64874/study1/view1_frontal.jpg,0.0,64874,-5.770560264587402,-5.805340766906738
data/chexlocalize/CheXpert/test/patient64875/study1/view1_frontal.jpg,0.0,64875,-5.733279705047607,-5.543169975280762
data/chexlocalize/CheXpert/test/patient64876/study1/view1_frontal.jpg,0.0,64876,-5.936880111694336,-5.739531517028809
data/chexlocalize/CheXpert/test/patient64877/study1/view1_frontal.jpg,0.0,64877,-5.135411262512207,-5.23138952255249
data/chexlocalize/CheXpert/test/patient64878/study1/view1_frontal.jpg,0.0,64878,-5.27393913269043,-5.143345832824707
data/chexlocalize/CheXpert/test/patient64879/study1/view1_frontal.jpg,0.0,64879,-5.349157333374023,-5.156155586242676
data/chexlocalize/CheXpert/test/patient64880/study1/view1_frontal.jpg,0.0,64880,-4.733469009399414,-4.9833221435546875
data/chexlocalize/CheXpert/test/patient64881/study1/view1_frontal.jpg,0.0,64881,-5.197551250457764,-5.365377426147461
data/chexlocalize/CheXpert/test/patient64882/study1/view1_frontal.jpg,0.0,64882,-5.762303352355957,-5.45234489440918
data/chexlocalize/CheXpert/test/patient64883/study1/view1_frontal.jpg,0.0,64883,-5.348362922668457,-5.151394844055176
data/chexlocalize/CheXpert/test/patient64884/study1/view1_frontal.jpg,0.0,64884,-5.667943000793457,-5.7523884773254395
data/chexlocalize/CheXpert/test/patient64885/study1/view1_frontal.jpg,0.0,64885,-5.574049949645996,-5.320791244506836
data/chexlocalize/CheXpert/test/patient64886/study1/view1_frontal.jpg,0.0,64886,-5.3403120040893555,-5.286734580993652
data/chexlocalize/CheXpert/test/patient64886/study1/view2_frontal.jpg,0.0,64886,-5.702666759490967,-5.409731388092041
data/chexlocalize/CheXpert/test/patient64887/study1/view1_frontal.jpg,0.0,64887,-5.539792060852051,-5.335632801055908
data/chexlocalize/CheXpert/test/patient64888/study1/view1_frontal.jpg,0.0,64888,-4.777919769287109,-5.10640287399292
data/chexlocalize/CheXpert/test/patient64889/study1/view1_frontal.jpg,0.0,64889,-5.105802059173584,-5.322648525238037
data/chexlocalize/CheXpert/test/patient64890/study1/view1_frontal.jpg,0.0,64890,-5.451440334320068,-5.578733444213867
data/chexlocalize/CheXpert/test/patient64891/study1/view1_frontal.jpg,0.0,64891,-5.269094467163086,-5.105412483215332
data/chexlocalize/CheXpert/test/patient64892/study1/view1_frontal.jpg,0.0,64892,-5.80376672744751,-5.768214702606201
data/chexlocalize/CheXpert/test/patient64893/study1/view1_frontal.jpg,0.0,64893,-5.726969242095947,-5.587244510650635
data/chexlocalize/CheXpert/test/patient64894/study1/view1_frontal.jpg,0.0,64894,-5.225742340087891,-5.83363676071167
data/chexlocalize/CheXpert/test/patient64895/study1/view1_frontal.jpg,0.0,64895,-5.100534915924072,-5.1000823974609375
data/chexlocalize/CheXpert/test/patient64896/study1/view1_frontal.jpg,0.0,64896,-5.1964826583862305,-5.218602180480957
data/chexlocalize/CheXpert/test/patient64897/study1/view1_frontal.jpg,0.0,64897,-5.548016548156738,-5.168434143066406
data/chexlocalize/CheXpert/test/patient64898/study1/view1_frontal.jpg,0.0,64898,-5.256509304046631,-5.340498447418213
data/chexlocalize/CheXpert/test/patient64899/study1/view1_frontal.jpg,0.0,64899,-6.135632514953613,-5.1563262939453125
data/chexlocalize/CheXpert/test/patient64900/study1/view1_frontal.jpg,0.0,64900,-5.118030071258545,-5.3079423904418945
data/chexlocalize/CheXpert/test/patient64901/study1/view1_frontal.jpg,0.0,64901,-5.0003228187561035,-4.915929794311523
data/chexlocalize/CheXpert/test/patient64902/study1/view1_frontal.jpg,0.0,64902,-5.149085998535156,-5.072383403778076
data/chexlocalize/CheXpert/test/patient64903/study1/view1_frontal.jpg,0.0,64903,-5.217260360717773,-5.251518249511719
data/chexlocalize/CheXpert/test/patient64904/study1/view1_frontal.jpg,0.0,64904,-5.250974655151367,-5.496156215667725
data/chexlocalize/CheXpert/test/patient64905/study1/view1_frontal.jpg,0.0,64905,-4.999422550201416,-4.979647159576416
data/chexlocalize/CheXpert/test/patient64905/study1/view2_frontal.jpg,0.0,64905,-5.001617431640625,-4.989299297332764
data/chexlocalize/CheXpert/test/patient64906/study1/view1_frontal.jpg,0.0,64906,-5.380658149719238,-5.651462078094482
data/chexlocalize/CheXpert/test/patient64907/study1/view1_frontal.jpg,0.0,64907,-5.243185997009277,-5.261716365814209
data/chexlocalize/CheXpert/test/patient64908/study1/view1_frontal.jpg,0.0,64908,-5.540373802185059,-5.561941146850586
data/chexlocalize/CheXpert/test/patient64909/study1/view1_frontal.jpg,0.0,64909,-5.020994186401367,-5.182688236236572
data/chexlocalize/CheXpert/test/patient64910/study1/view1_frontal.jpg,0.0,64910,-5.511135578155518,-5.47559928894043
data/chexlocalize/CheXpert/test/patient64911/study1/view1_frontal.jpg,0.0,64911,-5.69606351852417,-5.999749183654785
data/chexlocalize/CheXpert/test/patient64912/study1/view1_frontal.jpg,0.0,64912,-5.488040447235107,-5.584235668182373
data/chexlocalize/CheXpert/test/patient64913/study1/view1_frontal.jpg,0.0,64913,-5.893762111663818,-5.598958969116211
data/chexlocalize/CheXpert/test/patient64914/study1/view1_frontal.jpg,0.0,64914,-5.999334335327148,-6.037169456481934
data/chexlocalize/CheXpert/test/patient64915/study1/view1_frontal.jpg,0.0,64915,-4.897025108337402,-5.2090020179748535
data/chexlocalize/CheXpert/test/patient64916/study1/view1_frontal.jpg,0.0,64916,-5.477019309997559,-5.308023929595947
data/chexlocalize/CheXpert/test/patient64917/study1/view1_frontal.jpg,0.0,64917,-5.262370586395264,-5.434860706329346
data/chexlocalize/CheXpert/test/patient64918/study1/view1_frontal.jpg,0.0,64918,-5.641795635223389,-5.422913074493408
data/chexlocalize/CheXpert/test/patient64919/study1/view1_frontal.jpg,0.0,64919,-4.800872802734375,-4.8289055824279785
data/chexlocalize/CheXpert/test/patient64920/study1/view1_frontal.jpg,0.0,64920,-5.066985130310059,-5.137600898742676
data/chexlocalize/CheXpert/test/patient64921/study1/view1_frontal.jpg,0.0,64921,-5.586476802825928,-5.392839431762695
data/chexlocalize/CheXpert/test/patient64922/study1/view1_frontal.jpg,0.0,64922,-5.759077072143555,-5.432416915893555
data/chexlocalize/CheXpert/test/patient64923/study1/view1_frontal.jpg,0.0,64923,-5.926159858703613,-5.81485652923584
data/chexlocalize/CheXpert/test/patient64924/study1/view1_frontal.jpg,0.0,64924,-5.575043201446533,-5.14014196395874
data/chexlocalize/CheXpert/test/patient64925/study1/view1_frontal.jpg,0.0,64925,-4.991844177246094,-4.935771942138672
data/chexlocalize/CheXpert/test/patient64926/study1/view1_frontal.jpg,0.0,64926,-5.5168890953063965,-5.103553771972656
data/chexlocalize/CheXpert/test/patient64927/study1/view1_frontal.jpg,0.0,64927,-5.148963928222656,-5.27363395690918
data/chexlocalize/CheXpert/test/patient64928/study1/view1_frontal.jpg,0.0,64928,-5.039492607116699,-5.212442874908447
data/chexlocalize/CheXpert/test/patient64929/study1/view1_frontal.jpg,0.0,64929,-5.357585430145264,-5.710960865020752
data/chexlocalize/CheXpert/test/patient64930/study1/view1_frontal.jpg,0.0,64930,-5.517749309539795,-5.528951644897461
data/chexlocalize/CheXpert/test/patient64931/study1/view1_frontal.jpg,0.0,64931,-5.570731163024902,-5.303688049316406
data/chexlocalize/CheXpert/test/patient64932/study1/view1_frontal.jpg,0.0,64932,-5.555696964263916,-5.269739627838135
data/chexlocalize/CheXpert/test/patient64933/study1/view1_frontal.jpg,0.0,64933,-4.889001846313477,-5.201876640319824
data/chexlocalize/CheXpert/test/patient64934/study1/view1_frontal.jpg,0.0,64934,-5.890252590179443,-5.590723514556885
data/chexlocalize/CheXpert/test/patient64935/study1/view1_frontal.jpg,0.0,64935,-5.092536926269531,-5.231738567352295
data/chexlocalize/CheXpert/test/patient64936/study1/view1_frontal.jpg,0.0,64936,-5.137628555297852,-5.117739200592041
data/chexlocalize/CheXpert/test/patient64937/study1/view1_frontal.jpg,0.0,64937,-5.3506669998168945,-5.700568199157715
data/chexlocalize/CheXpert/test/patient64938/study1/view1_frontal.jpg,0.0,64938,-5.518445014953613,-5.563917636871338
data/chexlocalize/CheXpert/test/patient64939/study1/view1_frontal.jpg,0.0,64939,-5.055532455444336,-5.35909366607666
data/chexlocalize/CheXpert/test/patient64940/study1/view1_frontal.jpg,0.0,64940,-5.73776912689209,-5.563142776489258
data/chexlocalize/CheXpert/test/patient64941/study1/view1_frontal.jpg,0.0,64941,-5.189652919769287,-5.397885799407959
data/chexlocalize/CheXpert/test/patient64942/study1/view1_frontal.jpg,0.0,64942,-5.488405704498291,-5.487243175506592
data/chexlocalize/CheXpert/test/patient64943/study1/view1_frontal.jpg,0.0,64943,-4.941873550415039,-4.868228435516357
data/chexlocalize/CheXpert/test/patient64943/study1/view2_frontal.jpg,0.0,64943,-4.939480781555176,-4.818429470062256
data/chexlocalize/CheXpert/test/patient64944/study1/view1_frontal.jpg,0.0,64944,-5.064435958862305,-4.954526901245117
data/chexlocalize/CheXpert/test/patient64945/study1/view1_frontal.jpg,0.0,64945,-4.922672271728516,-5.233888149261475
data/chexlocalize/CheXpert/test/patient64946/study1/view1_frontal.jpg,0.0,64946,-5.998019695281982,-6.155829429626465
data/chexlocalize/CheXpert/test/patient64947/study1/view1_frontal.jpg,0.0,64947,-5.28950834274292,-5.191952705383301
data/chexlocalize/CheXpert/test/patient64948/study1/view1_frontal.jpg,0.0,64948,-5.455009937286377,-5.157411575317383
data/chexlocalize/CheXpert/test/patient64949/study1/view1_frontal.jpg,0.0,64949,-5.150235176086426,-5.25545072555542
data/chexlocalize/CheXpert/test/patient64949/study1/view2_frontal.jpg,0.0,64949,-5.063089847564697,-5.342348098754883
data/chexlocalize/CheXpert/test/patient64950/study1/view1_frontal.jpg,0.0,64950,-5.195169925689697,-5.34400749206543
data/chexlocalize/CheXpert/test/patient64951/study1/view1_frontal.jpg,0.0,64951,-5.517945289611816,-6.092988014221191
data/chexlocalize/CheXpert/test/patient64952/study1/view1_frontal.jpg,0.0,64952,-5.894907474517822,-6.01765775680542
data/chexlocalize/CheXpert/test/patient64953/study1/view1_frontal.jpg,0.0,64953,-5.256523132324219,-5.456883430480957
data/chexlocalize/CheXpert/test/patient64954/study1/view1_frontal.jpg,0.0,64954,-5.4309797286987305,-5.36342191696167
data/chexlocalize/CheXpert/test/patient64955/study1/view1_frontal.jpg,0.0,64955,-5.217473983764648,-5.315803527832031
data/chexlocalize/CheXpert/test/patient64956/study1/view1_frontal.jpg,0.0,64956,-5.130105495452881,-5.076841354370117
data/chexlocalize/CheXpert/test/patient64957/study1/view1_frontal.jpg,0.0,64957,-6.105751991271973,-5.300401210784912
data/chexlocalize/CheXpert/test/patient64958/study1/view1_frontal.jpg,0.0,64958,-5.525399684906006,-5.765154838562012
data/chexlocalize/CheXpert/test/patient64959/study1/view1_frontal.jpg,0.0,64959,-5.603254795074463,-5.29896354675293
data/chexlocalize/CheXpert/test/patient64960/study1/view1_frontal.jpg,0.0,64960,-5.454855442047119,-5.469508171081543
data/chexlocalize/CheXpert/test/patient64961/study1/view1_frontal.jpg,0.0,64961,-5.178274154663086,-5.145833969116211
data/chexlocalize/CheXpert/test/patient64962/study1/view1_frontal.jpg,0.0,64962,-5.6731343269348145,-5.682920455932617
data/chexlocalize/CheXpert/test/patient64963/study1/view1_frontal.jpg,0.0,64963,-5.288852691650391,-5.546515464782715
data/chexlocalize/CheXpert/test/patient64964/study1/view1_frontal.jpg,0.0,64964,-5.292041301727295,-6.140189170837402
data/chexlocalize/CheXpert/test/patient64965/study1/view1_frontal.jpg,0.0,64965,-5.387797832489014,-5.665922164916992
data/chexlocalize/CheXpert/test/patient64966/study1/view1_frontal.jpg,0.0,64966,-5.37673282623291,-5.8592848777771
data/chexlocalize/CheXpert/test/patient64967/study1/view1_frontal.jpg,0.0,64967,-5.624485969543457,-5.712602138519287
data/chexlocalize/CheXpert/test/patient64968/study1/view1_frontal.jpg,0.0,64968,-5.849837303161621,-5.743447303771973
data/chexlocalize/CheXpert/test/patient64969/study1/view1_frontal.jpg,0.0,64969,-5.572582721710205,-5.8987345695495605
data/chexlocalize/CheXpert/test/patient64970/study1/view1_frontal.jpg,0.0,64970,-4.975942611694336,-4.9104509353637695
data/chexlocalize/CheXpert/test/patient64970/study1/view2_frontal.jpg,0.0,64970,-5.299003601074219,-4.875886917114258
data/chexlocalize/CheXpert/test/patient64971/study1/view1_frontal.jpg,0.0,64971,-5.047830104827881,-5.460021495819092
data/chexlocalize/CheXpert/test/patient64972/study1/view1_frontal.jpg,0.0,64972,-5.817407608032227,-5.434410572052002
data/chexlocalize/CheXpert/test/patient64973/study1/view1_frontal.jpg,0.0,64973,-5.735232830047607,-5.688946723937988
data/chexlocalize/CheXpert/test/patient64974/study1/view1_frontal.jpg,0.0,64974,-4.992804527282715,-4.92648458480835
data/chexlocalize/CheXpert/test/patient64975/study1/view1_frontal.jpg,0.0,64975,-5.234048366546631,-5.330729961395264
data/chexlocalize/CheXpert/test/patient64976/study1/view1_frontal.jpg,0.0,64976,-5.33215856552124,-5.323587894439697
data/chexlocalize/CheXpert/test/patient64977/study1/view1_frontal.jpg,0.0,64977,-5.696866989135742,-5.4842095375061035
data/chexlocalize/CheXpert/test/patient64978/study1/view1_frontal.jpg,0.0,64978,-5.004400253295898,-4.980220794677734
data/chexlocalize/CheXpert/test/patient64979/study1/view1_frontal.jpg,0.0,64979,-5.30885124206543,-5.351171970367432
data/chexlocalize/CheXpert/test/patient64980/study1/view1_frontal.jpg,0.0,64980,-5.568007469177246,-5.447261333465576
data/chexlocalize/CheXpert/test/patient64981/study1/view1_frontal.jpg,0.0,64981,-5.4900078773498535,-5.218177795410156
data/chexlocalize/CheXpert/test/patient64982/study1/view1_frontal.jpg,0.0,64982,-5.00723934173584,-5.162002086639404
data/chexlocalize/CheXpert/test/patient64983/study1/view1_frontal.jpg,0.0,64983,-5.289287090301514,-5.936662673950195
data/chexlocalize/CheXpert/test/patient64984/study1/view1_frontal.jpg,0.0,64984,-5.128381729125977,-4.965371608734131
data/chexlocalize/CheXpert/test/patient64985/study1/view1_frontal.jpg,0.0,64985,-5.1961164474487305,-5.130223274230957
data/chexlocalize/CheXpert/test/patient64986/study1/view1_frontal.jpg,0.0,64986,-5.58616828918457,-5.359365463256836
data/chexlocalize/CheXpert/test/patient64986/study1/view2_frontal.jpg,0.0,64986,-5.476208686828613,-5.289682388305664
data/chexlocalize/CheXpert/test/patient64987/study1/view1_frontal.jpg,0.0,64987,-5.051578044891357,-4.940249919891357
data/chexlocalize/CheXpert/test/patient64988/study1/view1_frontal.jpg,0.0,64988,-5.05488920211792,-5.238970756530762
data/chexlocalize/CheXpert/test/patient64989/study1/view1_frontal.jpg,0.0,64989,-4.935503005981445,-5.159739971160889
data/chexlocalize/CheXpert/test/patient64990/study1/view1_frontal.jpg,0.0,64990,-6.016783714294434,-5.917342185974121
data/chexlocalize/CheXpert/test/patient64991/study1/view1_frontal.jpg,0.0,64991,-5.558614730834961,-5.69572639465332
data/chexlocalize/CheXpert/test/patient64992/study1/view1_frontal.jpg,0.0,64992,-5.424478530883789,-5.003610610961914
data/chexlocalize/CheXpert/test/patient64993/study1/view1_frontal.jpg,0.0,64993,-5.688946723937988,-5.233996391296387
data/chexlocalize/CheXpert/test/patient64994/study1/view1_frontal.jpg,0.0,64994,-5.6534223556518555,-5.742705345153809
data/chexlocalize/CheXpert/test/patient64995/study1/view1_frontal.jpg,0.0,64995,-5.272500991821289,-4.944845199584961
data/chexlocalize/CheXpert/test/patient64996/study1/view1_frontal.jpg,0.0,64996,-5.084413528442383,-4.992006301879883
data/chexlocalize/CheXpert/test/patient64997/study1/view1_frontal.jpg,0.0,64997,-4.884250164031982,-5.132144451141357
data/chexlocalize/CheXpert/test/patient64998/study1/view1_frontal.jpg,0.0,64998,-5.356152534484863,-5.171055793762207
data/chexlocalize/CheXpert/test/patient64999/study1/view1_frontal.jpg,0.0,64999,-5.242648124694824,-5.270293712615967
data/chexlocalize/CheXpert/test/patient65000/study1/view1_frontal.jpg,0.0,65000,-5.695016860961914,-5.362436294555664
data/chexlocalize/CheXpert/test/patient65001/study1/view1_frontal.jpg,0.0,65001,-5.7183613777160645,-5.347916126251221
data/chexlocalize/CheXpert/test/patient65002/study1/view1_frontal.jpg,0.0,65002,-5.037695407867432,-5.069299221038818
data/chexlocalize/CheXpert/test/patient65003/study1/view1_frontal.jpg,0.0,65003,-5.2308573722839355,-6.327484607696533
data/chexlocalize/CheXpert/test/patient65004/study1/view1_frontal.jpg,0.0,65004,-4.991278648376465,-5.274213790893555
data/chexlocalize/CheXpert/test/patient65005/study1/view1_frontal.jpg,0.0,65005,-5.676554203033447,-5.091433048248291
data/chexlocalize/CheXpert/test/patient65006/study1/view1_frontal.jpg,0.0,65006,-5.152920722961426,-5.130580425262451
data/chexlocalize/CheXpert/test/patient65007/study1/view1_frontal.jpg,0.0,65007,-5.699679851531982,-6.1605095863342285
data/chexlocalize/CheXpert/test/patient65008/study1/view1_frontal.jpg,0.0,65008,-5.0967583656311035,-5.067347049713135
data/chexlocalize/CheXpert/test/patient65009/study1/view1_frontal.jpg,0.0,65009,-5.022397041320801,-5.086599826812744
data/chexlocalize/CheXpert/test/patient65010/study1/view1_frontal.jpg,0.0,65010,-5.441516399383545,-5.863813400268555
data/chexlocalize/CheXpert/test/patient65011/study1/view1_frontal.jpg,0.0,65011,-5.089476585388184,-5.1532464027404785
data/chexlocalize/CheXpert/test/patient65011/study1/view2_frontal.jpg,0.0,65011,-5.636862277984619,-5.1978559494018555
data/chexlocalize/CheXpert/test/patient65012/study1/view1_frontal.jpg,0.0,65012,-5.570071220397949,-5.8876519203186035
data/chexlocalize/CheXpert/test/patient65013/study1/view1_frontal.jpg,0.0,65013,-5.696616172790527,-5.764878749847412
data/chexlocalize/CheXpert/test/patient65013/study1/view2_frontal.jpg,0.0,65013,-5.607619285583496,-5.61720609664917
data/chexlocalize/CheXpert/test/patient65014/study1/view1_frontal.jpg,0.0,65014,-5.883936405181885,-5.582348346710205
data/chexlocalize/CheXpert/test/patient65015/study1/view1_frontal.jpg,0.0,65015,-5.186342716217041,-5.373532772064209
data/chexlocalize/CheXpert/test/patient65016/study1/view1_frontal.jpg,0.0,65016,-5.637578964233398,-5.433718681335449
data/chexlocalize/CheXpert/test/patient65017/study1/view1_frontal.jpg,0.0,65017,-6.191356182098389,-5.614799976348877
data/chexlocalize/CheXpert/test/patient65018/study1/view1_frontal.jpg,0.0,65018,-5.256514549255371,-5.52510404586792
data/chexlocalize/CheXpert/test/patient65019/study1/view1_frontal.jpg,0.0,65019,-5.436574935913086,-5.471445560455322
data/chexlocalize/CheXpert/test/patient65020/study1/view1_frontal.jpg,0.0,65020,-5.820877552032471,-5.758605003356934
data/chexlocalize/CheXpert/test/patient65021/study1/view1_frontal.jpg,0.0,65021,-5.656736373901367,-5.619053840637207
data/chexlocalize/CheXpert/test/patient65022/study1/view1_frontal.jpg,0.0,65022,-5.5557661056518555,-5.0173234939575195
data/chexlocalize/CheXpert/test/patient65023/study1/view1_frontal.jpg,0.0,65023,-5.229031562805176,-5.599741458892822
data/chexlocalize/CheXpert/test/patient65024/study1/view1_frontal.jpg,0.0,65024,-5.494833946228027,-5.580409526824951
data/chexlocalize/CheXpert/test/patient65025/study1/view1_frontal.jpg,0.0,65025,-5.034106731414795,-5.640897750854492
data/chexlocalize/CheXpert/test/patient65026/study1/view1_frontal.jpg,0.0,65026,-5.148126125335693,-5.325870037078857
data/chexlocalize/CheXpert/test/patient65027/study1/view1_frontal.jpg,0.0,65027,-5.316161632537842,-5.267582893371582
data/chexlocalize/CheXpert/test/patient65028/study1/view1_frontal.jpg,0.0,65028,-4.8673553466796875,-4.834746837615967
data/chexlocalize/CheXpert/test/patient65029/study1/view1_frontal.jpg,0.0,65029,-5.772037029266357,-5.791943073272705
data/chexlocalize/CheXpert/test/patient65030/study1/view1_frontal.jpg,0.0,65030,-5.371095657348633,-5.455968379974365
data/chexlocalize/CheXpert/test/patient65031/study1/view1_frontal.jpg,0.0,65031,-5.064201354980469,-5.245321273803711
data/chexlocalize/CheXpert/test/patient65031/study1/view2_frontal.jpg,0.0,65031,-5.035302639007568,-5.265672206878662
data/chexlocalize/CheXpert/test/patient65032/study1/view1_frontal.jpg,0.0,65032,-4.948123455047607,-5.448855876922607
data/chexlocalize/CheXpert/test/patient65033/study1/view1_frontal.jpg,0.0,65033,-5.409167766571045,-5.317821025848389
data/chexlocalize/CheXpert/test/patient65034/study1/view1_frontal.jpg,0.0,65034,-5.355651378631592,-5.160839080810547
data/chexlocalize/CheXpert/test/patient65035/study1/view1_frontal.jpg,0.0,65035,-5.750338077545166,-6.356209754943848
data/chexlocalize/CheXpert/test/patient65036/study1/view1_frontal.jpg,0.0,65036,-5.380046367645264,-5.116354942321777
data/chexlocalize/CheXpert/test/patient65037/study1/view1_frontal.jpg,0.0,65037,-5.748295783996582,-5.284242630004883
data/chexlocalize/CheXpert/test/patient65038/study1/view1_frontal.jpg,0.0,65038,-4.919419765472412,-5.182656764984131
data/chexlocalize/CheXpert/test/patient65039/study1/view1_frontal.jpg,0.0,65039,-5.17587423324585,-5.421570777893066
data/chexlocalize/CheXpert/test/patient65040/study1/view1_frontal.jpg,0.0,65040,-5.47395133972168,-5.649348735809326
data/chexlocalize/CheXpert/test/patient65041/study1/view1_frontal.jpg,0.0,65041,-5.268184185028076,-5.198949813842773
data/chexlocalize/CheXpert/test/patient65042/study1/view1_frontal.jpg,0.0,65042,-5.515678882598877,-5.432434558868408
data/chexlocalize/CheXpert/test/patient65043/study1/view1_frontal.jpg,0.0,65043,-4.776178359985352,-5.1483049392700195
data/chexlocalize/CheXpert/test/patient65044/study1/view1_frontal.jpg,0.0,65044,-5.549345016479492,-5.173490524291992
data/chexlocalize/CheXpert/test/patient65045/study1/view1_frontal.jpg,0.0,65045,-5.849572658538818,-5.267121315002441
data/chexlocalize/CheXpert/test/patient65046/study1/view1_frontal.jpg,0.0,65046,-5.535762310028076,-5.7375168800354
data/chexlocalize/CheXpert/test/patient65047/study1/view1_frontal.jpg,0.0,65047,-5.971532344818115,-5.843599319458008
data/chexlocalize/CheXpert/test/patient65048/study1/view1_frontal.jpg,0.0,65048,-5.823512554168701,-5.609074592590332
data/chexlocalize/CheXpert/test/patient65049/study1/view1_frontal.jpg,0.0,65049,-5.606802463531494,-5.952634811401367
data/chexlocalize/CheXpert/test/patient65050/study1/view1_frontal.jpg,0.0,65050,-5.2888383865356445,-5.8933186531066895
data/chexlocalize/CheXpert/test/patient65050/study1/view2_frontal.jpg,0.0,65050,-5.250615119934082,-5.926005840301514
data/chexlocalize/CheXpert/test/patient65051/study1/view1_frontal.jpg,0.0,65051,-5.828490257263184,-5.838695049285889
data/chexlocalize/CheXpert/test/patient65051/study1/view2_frontal.jpg,0.0,65051,-5.6507649421691895,-5.614920616149902
data/chexlocalize/CheXpert/test/patient65052/study1/view1_frontal.jpg,0.0,65052,-5.2035346031188965,-5.376917362213135
data/chexlocalize/CheXpert/test/patient65053/study1/view1_frontal.jpg,0.0,65053,-5.6918134689331055,-5.862146854400635
data/chexlocalize/CheXpert/test/patient65054/study1/view1_frontal.jpg,0.0,65054,-5.650681495666504,-5.512858867645264
data/chexlocalize/CheXpert/test/patient65055/study1/view1_frontal.jpg,0.0,65055,-5.281339645385742,-5.226075649261475
data/chexlocalize/CheXpert/test/patient65056/study1/view1_frontal.jpg,0.0,65056,-5.712098121643066,-5.554495334625244
data/chexlocalize/CheXpert/test/patient65057/study1/view1_frontal.jpg,0.0,65057,-5.629181385040283,-5.667920112609863
data/chexlocalize/CheXpert/test/patient65058/study1/view1_frontal.jpg,0.0,65058,-5.5611467361450195,-4.852537631988525
data/chexlocalize/CheXpert/test/patient65059/study1/view1_frontal.jpg,0.0,65059,-5.458706855773926,-5.179708480834961
data/chexlocalize/CheXpert/test/patient65060/study1/view1_frontal.jpg,0.0,65060,-5.254072666168213,-5.09209680557251
data/chexlocalize/CheXpert/test/patient65061/study1/view1_frontal.jpg,0.0,65061,-5.443170070648193,-4.945967674255371
data/chexlocalize/CheXpert/test/patient65062/study1/view1_frontal.jpg,0.0,65062,-5.032207012176514,-4.980018615722656
data/chexlocalize/CheXpert/test/patient65063/study1/view1_frontal.jpg,0.0,65063,-4.939462184906006,-5.045076847076416
data/chexlocalize/CheXpert/test/patient65064/study1/view1_frontal.jpg,0.0,65064,-5.355271816253662,-5.190915107727051
data/chexlocalize/CheXpert/test/patient65065/study1/view1_frontal.jpg,0.0,65065,-5.982759952545166,-5.470709800720215
data/chexlocalize/CheXpert/test/patient65066/study1/view1_frontal.jpg,0.0,65066,-5.071512222290039,-5.104560852050781
data/chexlocalize/CheXpert/test/patient65067/study1/view1_frontal.jpg,0.0,65067,-5.420305252075195,-5.573436260223389
data/chexlocalize/CheXpert/test/patient65068/study1/view1_frontal.jpg,0.0,65068,-5.903558254241943,-6.1129841804504395
data/chexlocalize/CheXpert/test/patient65069/study1/view1_frontal.jpg,0.0,65069,-5.163968086242676,-4.927099227905273
data/chexlocalize/CheXpert/test/patient65070/study1/view1_frontal.jpg,0.0,65070,-5.992528915405273,-6.045774459838867
data/chexlocalize/CheXpert/test/patient65071/study1/view1_frontal.jpg,0.0,65071,-4.863944053649902,-5.129053592681885
data/chexlocalize/CheXpert/test/patient65072/study1/view1_frontal.jpg,0.0,65072,-5.176690101623535,-4.880614280700684
data/chexlocalize/CheXpert/test/patient65073/study1/view1_frontal.jpg,0.0,65073,-5.697171211242676,-5.673981189727783
data/chexlocalize/CheXpert/test/patient65074/study1/view1_frontal.jpg,0.0,65074,-5.77929162979126,-5.7463765144348145
data/chexlocalize/CheXpert/test/patient65075/study1/view1_frontal.jpg,0.0,65075,-4.926278591156006,-5.45021390914917
data/chexlocalize/CheXpert/test/patient65076/study1/view1_frontal.jpg,0.0,65076,-5.04791259765625,-5.169990539550781
data/chexlocalize/CheXpert/test/patient65077/study1/view1_frontal.jpg,0.0,65077,-5.216853618621826,-5.52841329574585
data/chexlocalize/CheXpert/test/patient65078/study1/view1_frontal.jpg,0.0,65078,-5.859307289123535,-5.886922836303711
data/chexlocalize/CheXpert/test/patient65079/study1/view1_frontal.jpg,0.0,65079,-5.666708946228027,-5.21854305267334
data/chexlocalize/CheXpert/test/patient65080/study1/view1_frontal.jpg,0.0,65080,-5.87749719619751,-5.89586067199707
data/chexlocalize/CheXpert/test/patient65081/study1/view1_frontal.jpg,0.0,65081,-5.728471755981445,-5.242137908935547
data/chexlocalize/CheXpert/test/patient65082/study1/view1_frontal.jpg,0.0,65082,-5.0966596603393555,-5.242256164550781
data/chexlocalize/CheXpert/test/patient65083/study1/view1_frontal.jpg,0.0,65083,-4.95101261138916,-5.110556602478027
data/chexlocalize/CheXpert/test/patient65084/study1/view1_frontal.jpg,0.0,65084,-5.688000679016113,-5.619546413421631
data/chexlocalize/CheXpert/test/patient65084/study1/view2_frontal.jpg,0.0,65084,-5.954951763153076,-5.510479927062988
data/chexlocalize/CheXpert/test/patient65085/study1/view1_frontal.jpg,0.0,65085,-5.1391215324401855,-5.267693519592285
data/chexlocalize/CheXpert/test/patient65086/study1/view1_frontal.jpg,0.0,65086,-6.036270618438721,-6.0332818031311035
data/chexlocalize/CheXpert/test/patient65087/study1/view1_frontal.jpg,0.0,65087,-4.909490585327148,-5.4108781814575195
data/chexlocalize/CheXpert/test/patient65088/study1/view1_frontal.jpg,0.0,65088,-5.884458541870117,-5.046091556549072
data/chexlocalize/CheXpert/test/patient65089/study1/view1_frontal.jpg,0.0,65089,-5.862486362457275,-5.807210922241211
data/chexlocalize/CheXpert/test/patient65090/study1/view1_frontal.jpg,0.0,65090,-4.85884428024292,-5.174410820007324
data/chexlocalize/CheXpert/test/patient65091/study1/view1_frontal.jpg,0.0,65091,-5.930325508117676,-5.813094615936279
data/chexlocalize/CheXpert/test/patient65092/study1/view1_frontal.jpg,0.0,65092,-5.268110275268555,-5.244139671325684
data/chexlocalize/CheXpert/test/patient65093/study1/view1_frontal.jpg,0.0,65093,-6.122045040130615,-5.889645576477051
data/chexlocalize/CheXpert/test/patient65094/study1/view1_frontal.jpg,0.0,65094,-4.884169578552246,-5.070172309875488
data/chexlocalize/CheXpert/test/patient65095/study1/view1_frontal.jpg,0.0,65095,-5.468150615692139,-5.481143474578857
data/chexlocalize/CheXpert/test/patient65096/study1/view1_frontal.jpg,0.0,65096,-5.579636096954346,-5.32030725479126
data/chexlocalize/CheXpert/test/patient65097/study1/view1_frontal.jpg,0.0,65097,-5.395872116088867,-5.345147609710693
data/chexlocalize/CheXpert/test/patient65098/study1/view1_frontal.jpg,0.0,65098,-5.5137810707092285,-5.385848045349121
data/chexlocalize/CheXpert/test/patient65099/study1/view1_frontal.jpg,0.0,65099,-5.867936611175537,-5.429320335388184
data/chexlocalize/CheXpert/test/patient65100/study1/view1_frontal.jpg,0.0,65100,-4.606997013092041,-5.01462459564209
data/chexlocalize/CheXpert/test/patient65101/study1/view1_frontal.jpg,0.0,65101,-4.989523887634277,-4.8542585372924805
data/chexlocalize/CheXpert/test/patient65102/study1/view1_frontal.jpg,0.0,65102,-5.747375965118408,-5.622903347015381
data/chexlocalize/CheXpert/test/patient65103/study1/view1_frontal.jpg,0.0,65103,-4.804875373840332,-4.78057336807251
data/chexlocalize/CheXpert/test/patient65104/study1/view1_frontal.jpg,0.0,65104,-5.986332893371582,-5.669865608215332
data/chexlocalize/CheXpert/test/patient65105/study1/view1_frontal.jpg,0.0,65105,-5.463379383087158,-5.2181854248046875
data/chexlocalize/CheXpert/test/patient65106/study1/view1_frontal.jpg,0.0,65106,-5.291919231414795,-5.202071189880371
data/chexlocalize/CheXpert/test/patient65107/study1/view1_frontal.jpg,0.0,65107,-6.417562484741211,-6.039917469024658
data/chexlocalize/CheXpert/test/patient65108/study1/view1_frontal.jpg,0.0,65108,-5.024527072906494,-4.968039512634277
data/chexlocalize/CheXpert/test/patient65109/study1/view1_frontal.jpg,0.0,65109,-5.069671154022217,-5.327731609344482
data/chexlocalize/CheXpert/test/patient65110/study1/view1_frontal.jpg,0.0,65110,-5.281163215637207,-5.209108829498291
data/chexlocalize/CheXpert/test/patient65111/study1/view1_frontal.jpg,0.0,65111,-5.221339702606201,-5.323588848114014
data/chexlocalize/CheXpert/test/patient65112/study1/view1_frontal.jpg,0.0,65112,-5.810682773590088,-5.4528985023498535
data/chexlocalize/CheXpert/test/patient65113/study1/view1_frontal.jpg,0.0,65113,-5.396276473999023,-5.593469142913818
data/chexlocalize/CheXpert/test/patient65114/study1/view1_frontal.jpg,0.0,65114,-5.490962505340576,-5.539982795715332
data/chexlocalize/CheXpert/test/patient65115/study1/view1_frontal.jpg,0.0,65115,-6.329782962799072,-5.778890132904053
data/chexlocalize/CheXpert/test/patient65116/study1/view1_frontal.jpg,0.0,65116,-5.139642238616943,-5.347334384918213
data/chexlocalize/CheXpert/test/patient65117/study1/view1_frontal.jpg,0.0,65117,-5.42741584777832,-5.2154693603515625
data/chexlocalize/CheXpert/test/patient65118/study1/view1_frontal.jpg,0.0,65118,-5.184136867523193,-5.966811180114746
data/chexlocalize/CheXpert/test/patient65119/study1/view1_frontal.jpg,0.0,65119,-4.999276638031006,-5.38105583190918
data/chexlocalize/CheXpert/test/patient65120/study1/view1_frontal.jpg,0.0,65120,-5.345671653747559,-5.401166915893555
data/chexlocalize/CheXpert/test/patient65121/study1/view1_frontal.jpg,0.0,65121,-5.582423686981201,-5.41262674331665
data/chexlocalize/CheXpert/test/patient65122/study1/view1_frontal.jpg,0.0,65122,-5.377636432647705,-5.816133975982666
data/chexlocalize/CheXpert/test/patient65123/study1/view1_frontal.jpg,0.0,65123,-5.18733024597168,-5.165043830871582
data/chexlocalize/CheXpert/test/patient65124/study1/view1_frontal.jpg,0.0,65124,-5.802495956420898,-5.989534854888916
data/chexlocalize/CheXpert/test/patient65125/study1/view1_frontal.jpg,0.0,65125,-5.385530948638916,-5.131411075592041
data/chexlocalize/CheXpert/test/patient65126/study1/view1_frontal.jpg,0.0,65126,-5.644791126251221,-5.634013652801514
data/chexlocalize/CheXpert/test/patient65127/study1/view1_frontal.jpg,0.0,65127,-5.815732479095459,-5.5197224617004395
data/chexlocalize/CheXpert/test/patient65128/study1/view1_frontal.jpg,0.0,65128,-5.347407817840576,-5.69041109085083
data/chexlocalize/CheXpert/test/patient65129/study1/view1_frontal.jpg,0.0,65129,-5.46933650970459,-5.302970886230469
data/chexlocalize/CheXpert/test/patient65130/study1/view1_frontal.jpg,0.0,65130,-5.492906093597412,-5.460780143737793
data/chexlocalize/CheXpert/test/patient65131/study1/view1_frontal.jpg,0.0,65131,-4.9284563064575195,-5.158542156219482
data/chexlocalize/CheXpert/test/patient65132/study1/view1_frontal.jpg,0.0,65132,-5.707594871520996,-5.9889631271362305
data/chexlocalize/CheXpert/test/patient65133/study1/view1_frontal.jpg,0.0,65133,-5.154164791107178,-5.630652904510498
data/chexlocalize/CheXpert/test/patient65134/study1/view1_frontal.jpg,0.0,65134,-4.863811016082764,-4.977923393249512
data/chexlocalize/CheXpert/test/patient65135/study1/view1_frontal.jpg,0.0,65135,-5.326793670654297,-5.239255905151367
data/chexlocalize/CheXpert/test/patient65136/study1/view1_frontal.jpg,0.0,65136,-5.366225719451904,-5.195809841156006
data/chexlocalize/CheXpert/test/patient65137/study1/view1_frontal.jpg,0.0,65137,-5.706738471984863,-5.971095561981201
data/chexlocalize/CheXpert/test/patient65138/study1/view1_frontal.jpg,0.0,65138,-6.296067714691162,-5.40044641494751
data/chexlocalize/CheXpert/test/patient65139/study1/view1_frontal.jpg,0.0,65139,-5.348904609680176,-5.73040246963501
data/chexlocalize/CheXpert/test/patient65140/study1/view1_frontal.jpg,0.0,65140,-5.42310905456543,-5.843493461608887
data/chexlocalize/CheXpert/test/patient65141/study1/view1_frontal.jpg,0.0,65141,-5.053393363952637,-5.103159427642822
data/chexlocalize/CheXpert/test/patient65142/study1/view1_frontal.jpg,0.0,65142,-4.985227584838867,-5.594017505645752
data/chexlocalize/CheXpert/test/patient65143/study1/view1_frontal.jpg,0.0,65143,-5.510768413543701,-5.118666648864746
data/chexlocalize/CheXpert/test/patient65144/study1/view1_frontal.jpg,0.0,65144,-5.427927494049072,-5.082028865814209
data/chexlocalize/CheXpert/test/patient65145/study1/view1_frontal.jpg,0.0,65145,-5.822622299194336,-5.1495361328125
data/chexlocalize/CheXpert/test/patient65146/study1/view1_frontal.jpg,0.0,65146,-4.932005405426025,-5.328311443328857
data/chexlocalize/CheXpert/test/patient65147/study1/view1_frontal.jpg,0.0,65147,-5.733931541442871,-5.4232306480407715
data/chexlocalize/CheXpert/test/patient65148/study1/view1_frontal.jpg,0.0,65148,-5.211287975311279,-5.237264633178711
data/chexlocalize/CheXpert/test/patient65149/study1/view1_frontal.jpg,0.0,65149,-5.200267791748047,-5.0832624435424805
data/chexlocalize/CheXpert/test/patient65150/study1/view1_frontal.jpg,0.0,65150,-4.84250545501709,-5.216330051422119
data/chexlocalize/CheXpert/test/patient65151/study1/view1_frontal.jpg,0.0,65151,-5.562882423400879,-5.350113868713379
data/chexlocalize/CheXpert/test/patient65152/study1/view1_frontal.jpg,0.0,65152,-4.892519474029541,-4.919233322143555
data/chexlocalize/CheXpert/test/patient65153/study1/view1_frontal.jpg,0.0,65153,-5.141768932342529,-5.265843868255615
data/chexlocalize/CheXpert/test/patient65154/study1/view1_frontal.jpg,0.0,65154,-5.5164103507995605,-5.014139652252197
data/chexlocalize/CheXpert/test/patient65155/study1/view1_frontal.jpg,0.0,65155,-5.776715278625488,-5.341372966766357
data/chexlocalize/CheXpert/test/patient65156/study1/view1_frontal.jpg,0.0,65156,-5.854222774505615,-5.201143264770508
data/chexlocalize/CheXpert/test/patient65157/study1/view1_frontal.jpg,0.0,65157,-5.194341659545898,-5.557225227355957
data/chexlocalize/CheXpert/test/patient65158/study1/view1_frontal.jpg,0.0,65158,-5.266860008239746,-4.962489128112793
data/chexlocalize/CheXpert/test/patient65159/study1/view1_frontal.jpg,0.0,65159,-4.85019588470459,-5.069882869720459
data/chexlocalize/CheXpert/test/patient65160/study1/view1_frontal.jpg,0.0,65160,-5.52784538269043,-5.335628032684326
data/chexlocalize/CheXpert/test/patient65161/study1/view1_frontal.jpg,0.0,65161,-5.465880393981934,-5.382864952087402
data/chexlocalize/CheXpert/test/patient65162/study1/view1_frontal.jpg,0.0,65162,-5.229257106781006,-6.033290386199951
data/chexlocalize/CheXpert/test/patient65163/study1/view1_frontal.jpg,0.0,65163,-5.475431442260742,-5.3456645011901855
data/chexlocalize/CheXpert/test/patient65164/study1/view1_frontal.jpg,0.0,65164,-5.36635684967041,-5.20138692855835
data/chexlocalize/CheXpert/test/patient65165/study1/view1_frontal.jpg,0.0,65165,-5.068092346191406,-5.279993534088135
data/chexlocalize/CheXpert/test/patient65166/study1/view1_frontal.jpg,0.0,65166,-5.30462121963501,-5.2774200439453125
data/chexlocalize/CheXpert/test/patient65167/study1/view1_frontal.jpg,0.0,65167,-5.293344020843506,-5.051657676696777
data/chexlocalize/CheXpert/test/patient65168/study1/view1_frontal.jpg,0.0,65168,-5.8193745613098145,-5.990784645080566
data/chexlocalize/CheXpert/test/patient65169/study1/view1_frontal.jpg,0.0,65169,-5.271313667297363,-5.236717224121094
data/chexlocalize/CheXpert/test/patient65170/study1/view1_frontal.jpg,0.0,65170,-5.065738201141357,-5.313558101654053
data/chexlocalize/CheXpert/test/patient65171/study1/view1_frontal.jpg,0.0,65171,-5.954979419708252,-5.630742073059082
data/chexlocalize/CheXpert/test/patient65172/study1/view1_frontal.jpg,0.0,65172,-5.747143745422363,-5.57230806350708
data/chexlocalize/CheXpert/test/patient65173/study1/view1_frontal.jpg,0.0,65173,-5.179927349090576,-5.575703144073486
data/chexlocalize/CheXpert/test/patient65174/study1/view1_frontal.jpg,0.0,65174,-5.088819980621338,-5.049880027770996
data/chexlocalize/CheXpert/test/patient65175/study1/view1_frontal.jpg,0.0,65175,-4.92056941986084,-4.64823055267334
data/chexlocalize/CheXpert/test/patient65176/study1/view1_frontal.jpg,0.0,65176,-5.722358226776123,-6.532991886138916
data/chexlocalize/CheXpert/test/patient65177/study1/view1_frontal.jpg,0.0,65177,-5.269841194152832,-5.177295207977295
data/chexlocalize/CheXpert/test/patient65178/study1/view1_frontal.jpg,0.0,65178,-5.179962158203125,-5.491125106811523
data/chexlocalize/CheXpert/test/patient65179/study1/view1_frontal.jpg,0.0,65179,-5.779900074005127,-5.917031764984131
data/chexlocalize/CheXpert/test/patient65180/study1/view1_frontal.jpg,0.0,65180,-5.403470039367676,-5.116793155670166
data/chexlocalize/CheXpert/test/patient65181/study1/view1_frontal.jpg,0.0,65181,-5.32722806930542,-5.242395877838135
data/chexlocalize/CheXpert/test/patient65182/study1/view1_frontal.jpg,0.0,65182,-5.286755561828613,-5.268926620483398
data/chexlocalize/CheXpert/test/patient65183/study1/view1_frontal.jpg,0.0,65183,-5.136931419372559,-5.498522758483887
data/chexlocalize/CheXpert/test/patient65184/study1/view1_frontal.jpg,0.0,65184,-5.332271575927734,-4.977202415466309
data/chexlocalize/CheXpert/test/patient65185/study1/view1_frontal.jpg,0.0,65185,-4.9633049964904785,-5.210604190826416
data/chexlocalize/CheXpert/test/patient65186/study1/view1_frontal.jpg,0.0,65186,-5.278059005737305,-5.372120380401611
data/chexlocalize/CheXpert/test/patient65187/study1/view1_frontal.jpg,0.0,65187,-5.61225700378418,-5.263800621032715
data/chexlocalize/CheXpert/test/patient65188/study1/view1_frontal.jpg,0.0,65188,-5.924601078033447,-5.622865200042725
data/chexlocalize/CheXpert/test/patient65189/study1/view1_frontal.jpg,0.0,65189,-5.620872974395752,-5.141223907470703
data/chexlocalize/CheXpert/test/patient65189/study1/view2_frontal.jpg,0.0,65189,-5.482725620269775,-5.074424743652344
data/chexlocalize/CheXpert/test/patient65190/study1/view1_frontal.jpg,0.0,65190,-5.397496223449707,-4.98500394821167
data/chexlocalize/CheXpert/test/patient65191/study1/view1_frontal.jpg,0.0,65191,-6.046152591705322,-6.218594551086426
data/chexlocalize/CheXpert/test/patient65192/study1/view1_frontal.jpg,0.0,65192,-5.346737861633301,-5.015576362609863
data/chexlocalize/CheXpert/test/patient65193/study1/view1_frontal.jpg,0.0,65193,-5.2910661697387695,-5.754588603973389
data/chexlocalize/CheXpert/test/patient65194/study1/view1_frontal.jpg,0.0,65194,-4.941763877868652,-5.084458351135254
data/chexlocalize/CheXpert/test/patient65195/study1/view1_frontal.jpg,0.0,65195,-5.1291399002075195,-5.009591579437256
data/chexlocalize/CheXpert/test/patient65196/study1/view1_frontal.jpg,0.0,65196,-5.5949883460998535,-5.963298320770264
data/chexlocalize/CheXpert/test/patient65197/study1/view1_frontal.jpg,0.0,65197,-5.1980085372924805,-5.068539619445801
data/chexlocalize/CheXpert/test/patient65198/study1/view1_frontal.jpg,0.0,65198,-5.369940757751465,-5.042943954467773
data/chexlocalize/CheXpert/test/patient65199/study1/view1_frontal.jpg,0.0,65199,-5.206789493560791,-5.554766654968262
data/chexlocalize/CheXpert/test/patient65200/study1/view1_frontal.jpg,0.0,65200,-5.530206203460693,-5.6145806312561035
data/chexlocalize/CheXpert/test/patient65201/study1/view1_frontal.jpg,0.0,65201,-5.3739848136901855,-5.2864990234375
data/chexlocalize/CheXpert/test/patient65202/study1/view1_frontal.jpg,0.0,65202,-5.557284355163574,-4.889678001403809
data/chexlocalize/CheXpert/test/patient65203/study1/view1_frontal.jpg,0.0,65203,-5.675518989562988,-5.798518180847168
data/chexlocalize/CheXpert/test/patient65204/study1/view1_frontal.jpg,0.0,65204,-5.376952171325684,-5.365281581878662
data/chexlocalize/CheXpert/test/patient65205/study1/view1_frontal.jpg,0.0,65205,-5.253756999969482,-5.330535888671875
data/chexlocalize/CheXpert/test/patient65206/study1/view1_frontal.jpg,0.0,65206,-5.302148818969727,-5.335037708282471
data/chexlocalize/CheXpert/test/patient65207/study1/view1_frontal.jpg,0.0,65207,-6.13321590423584,-6.051947593688965
data/chexlocalize/CheXpert/test/patient65208/study1/view1_frontal.jpg,0.0,65208,-5.851552963256836,-5.755880355834961
data/chexlocalize/CheXpert/test/patient65209/study1/view1_frontal.jpg,0.0,65209,-5.757787704467773,-5.74019193649292
data/chexlocalize/CheXpert/test/patient65210/study1/view1_frontal.jpg,0.0,65210,-5.338829517364502,-5.082122325897217
data/chexlocalize/CheXpert/test/patient65211/study1/view1_frontal.jpg,0.0,65211,-5.4732866287231445,-5.252973556518555
data/chexlocalize/CheXpert/test/patient65212/study1/view1_frontal.jpg,0.0,65212,-5.301382064819336,-5.416209697723389
data/chexlocalize/CheXpert/test/patient65213/study1/view1_frontal.jpg,0.0,65213,-4.78456449508667,-5.053501129150391
data/chexlocalize/CheXpert/test/patient65214/study1/view1_frontal.jpg,0.0,65214,-5.169427394866943,-4.849569320678711
data/chexlocalize/CheXpert/test/patient65215/study1/view1_frontal.jpg,0.0,65215,-5.223479270935059,-5.095514297485352
data/chexlocalize/CheXpert/test/patient65216/study1/view1_frontal.jpg,0.0,65216,-5.695178508758545,-5.646197319030762
data/chexlocalize/CheXpert/test/patient65217/study1/view1_frontal.jpg,0.0,65217,-5.962812423706055,-5.874248027801514
data/chexlocalize/CheXpert/test/patient65218/study1/view1_frontal.jpg,0.0,65218,-5.168470859527588,-5.299829959869385
data/chexlocalize/CheXpert/test/patient65219/study1/view1_frontal.jpg,0.0,65219,-5.49311637878418,-5.339053630828857
data/chexlocalize/CheXpert/test/patient65220/study1/view1_frontal.jpg,0.0,65220,-4.907172203063965,-5.084552764892578
data/chexlocalize/CheXpert/test/patient65221/study1/view1_frontal.jpg,0.0,65221,-5.623568058013916,-5.16989278793335
data/chexlocalize/CheXpert/test/patient65222/study1/view1_frontal.jpg,0.0,65222,-6.024691581726074,-5.571088790893555
data/chexlocalize/CheXpert/test/patient65223/study1/view1_frontal.jpg,0.0,65223,-5.014676094055176,-4.975179672241211
data/chexlocalize/CheXpert/test/patient65224/study1/view1_frontal.jpg,0.0,65224,-4.907744884490967,-4.832589626312256
data/chexlocalize/CheXpert/test/patient65225/study1/view1_frontal.jpg,0.0,65225,-5.078686714172363,-5.199261665344238
data/chexlocalize/CheXpert/test/patient65226/study1/view1_frontal.jpg,0.0,65226,-5.35511589050293,-5.285386562347412
data/chexlocalize/CheXpert/test/patient65227/study1/view1_frontal.jpg,0.0,65227,-4.8965163230896,-5.55217981338501
data/chexlocalize/CheXpert/test/patient65228/study1/view1_frontal.jpg,0.0,65228,-5.120171546936035,-4.926241397857666
data/chexlocalize/CheXpert/test/patient65229/study1/view1_frontal.jpg,0.0,65229,-5.858561992645264,-5.715347766876221
data/chexlocalize/CheXpert/test/patient65230/study1/view1_frontal.jpg,0.0,65230,-5.587585926055908,-5.375206470489502
data/chexlocalize/CheXpert/test/patient65231/study1/view1_frontal.jpg,0.0,65231,-5.117591857910156,-5.141075134277344
data/chexlocalize/CheXpert/test/patient65232/study1/view1_frontal.jpg,0.0,65232,-5.337870121002197,-5.465514183044434
data/chexlocalize/CheXpert/test/patient65233/study1/view1_frontal.jpg,0.0,65233,-5.3052263259887695,-5.596247673034668
data/chexlocalize/CheXpert/test/patient65234/study1/view1_frontal.jpg,0.0,65234,-5.565904140472412,-5.525413990020752
data/chexlocalize/CheXpert/test/patient65235/study1/view1_frontal.jpg,0.0,65235,-5.226842403411865,-5.084461212158203
data/chexlocalize/CheXpert/test/patient65236/study1/view1_frontal.jpg,0.0,65236,-6.181375026702881,-5.625912666320801
data/chexlocalize/CheXpert/test/patient65237/study1/view1_frontal.jpg,0.0,65237,-5.428781032562256,-5.330244541168213
data/chexlocalize/CheXpert/test/patient65238/study1/view1_frontal.jpg,0.0,65238,-5.2788615226745605,-5.55602502822876
data/chexlocalize/CheXpert/test/patient65239/study1/view1_frontal.jpg,0.0,65239,-5.579473495483398,-5.317239284515381
data/chexlocalize/CheXpert/test/patient65240/study1/view1_frontal.jpg,0.0,65240,-5.7674055099487305,-5.496811389923096
