run,step,arm,n,probe_auc,knn_auc
1,0,H_a,4013,0.7087871352679634,0.6280347263460307
1,0,H_b,4000,0.7126103038187176,0.6288759684911458
1,0,E3,6000,0.7088758822094501,0.6366150469327272
1,0,E15,6001,0.7103287728577647,0.6229507759691013
1,0,E100,4006,0.69464877346399,0.629864953443678
1,0,E500,507,0.6936236375120116,0.613090621784726
1,6356,H_a,4013,0.750248818220589,0.6588140163301601
1,6356,H_b,4000,0.7481093834217546,0.6528772108039731
1,6356,E3,6000,0.7483384808911654,0.6553687533818344
1,6356,E15,6001,0.7511798286081779,0.6524097985233535
1,6356,E100,4006,0.7406675260826665,0.6503966741501679
1,6356,E500,507,0.7174346863376477,0.6483164257193244
1,18160,H_a,4013,0.7462423710789319,0.6604482077853268
1,18160,H_b,4000,0.7443110128745951,0.6500346692728454
1,18160,E3,6000,0.7511236533314225,0.6621790653594823
1,18160,E15,6001,0.7473837106610995,0.6545618172102697
1,18160,E100,4006,0.734804303882889,0.6613343325083441
1,18160,E500,507,0.6713205422405552,0.6485756635200437
2,0,H_a,4013,0.7087871352679634,0.6280347263460307
2,0,H_b,4000,0.7126103038187176,0.6288759684911458
2,0,E3,6000,0.7088758822094501,0.6366150469327272
2,0,E15,6001,0.7103287728577647,0.6229507759691013
2,0,E100,4006,0.69464877346399,0.629864953443678
2,0,E500,507,0.6936236375120116,0.613090621784726
2,6360,H_a,4013,0.7470112247698893,0.6480834638570245
2,6360,H_b,4000,0.744800090587221,0.6460943117524977
2,6360,E3,6000,0.7494843435116463,0.6514430852884022
2,6360,E15,6001,0.7470108350950733,0.656450192215865
2,6360,E100,4006,0.7363387229633098,0.647424274424979
2,6360,E500,507,0.6900580464478738,0.62843018548761
2,18171,H_a,4013,0.7473831970025382,0.6606595344577065
2,18171,H_b,4000,0.7482336687874572,0.6535166568557159
2,18171,E3,6000,0.7505545320188048,0.6629975397887906
2,18171,E15,6001,0.750933081626278,0.6623029841697076
2,18171,E100,4006,0.7432624622819872,0.6502776251307365
2,18171,E500,507,0.6442356712971812,0.6458589135180164
