group,images,patients,dose_run1,dose_run2,age_mean,female_pct,AP_pct,prev_Atelectasis,prev_Cardiomegaly,prev_Consolidation,prev_Edema,prev_Pleural Effusion
H_a,4013,1325,0,100,60.2,41.1,84.0,16.1,11.4,7.4,24.9,41.1
H_b,4000,1439,0,0,60.7,38.6,84.4,16.1,11.8,6.7,25.6,41.7
E100,4006,1374,100,0,60.3,42.9,84.3,14.2,12.7,6.3,25.5,38.7
E500,507,184,500,500,61.7,53.3,82.6,15.2,14.6,6.3,30.0,41.4
E3,6000,1962,3,3,61.0,40.8,84.7,15.4,13.0,6.7,26.3,41.6
E15,6001,1978,15,15,60.0,38.5,86.0,16.2,13.2,6.6,26.9,40.7
P_base,15000,5121,10,10,61.1,41.0,84.0,15.6,12.4,6.9,26.1,38.9
P_clean,15002,5079,0,0,60.4,41.6,84.2,15.0,12.5,7.2,25.3,40.2
B,25014,8520,10,10,60.6,40.9,84.9,16.0,12.1,6.9,26.5,39.2
